Date,Open,High,Low,Close,Volume,Dividends,Stock Splits,company_id,source,pulled_at
2020-01-02 00:00:00-05:00,19.422602052951742,19.428801557148468,19.00104522705078,19.00104522705078,322200,0.0,0.0,smartcentres,yfinance,2026-09-11T01:53:23.344381
2020-01-03 00:00:00-05:00,19.050647811370506,19.39161358599048,18.957657575541425,19.31722068786621,447000,0.0,0.0,smartcentres,yfinance,2026-09-11T01:53:23.344381
2020-01-06 00:00:00-05:00,19.335815371900406,19.391609738815603,19.156033260188167,19.267621994018555,207600,0.0,0.0,smartcentres,yfinance,2026-09-11T01:53:23.344381
2020-01-07 00:00:00-05:00,19.28002164410292,19.335816012867657,19.187031423639965,19.311017990112305,233000,0.0,0.0,smartcentres,yfinance,2026-09-11T01:53:23.344381
2020-01-08 00:00:00-05:00,19.354412705915628,19.45360242877936,19.20562812162003,19.267621994018555,572200,0.0,0.0,smartcentres,yfinance,2026-09-11T01:53:23.344381
2020-01-09 00:00:00-05:00,19.323425949311552,19.422615721393733,19.286230080389576,19.335824966430664,172300,0.0,0.0,smartcentres,yfinance,2026-09-11T01:53:23.344381
2020-01-10 00:00:00-05:00,19.366810487869774,19.466000204438952,19.286219286570326,19.410205841064453,249500,0.0,0.0,smartcentres,yfinance,2026-09-11T01:53:23.344381
2020-01-13 00:00:00-05:00,19.42880571724786,19.57139079699926,19.298618466110014,19.534194946289062,664500,0.0,0.0,smartcentres,yfinance,2026-09-11T01:53:23.344381
2020-01-14 00:00:00-05:00,19.558991785950937,19.583789808047584,19.478400579006383,19.534194946289062,241200,0.0,0.0,smartcentres,yfinance,2026-09-11T01:53:23.344381
2020-01-15 00:00:00-05:00,19.552789821253654,19.825560918905893,19.552789821253654,19.800764083862305,468200,0.0,0.0,smartcentres,yfinance,2026-09-11T01:53:23.344381
2020-01-16 00:00:00-05:00,19.83177313828863,20.10454559326172,19.769779237280837,20.10454559326172,317800,0.0,0.0,smartcentres,yfinance,2026-09-11T01:53:23.344381
2020-01-17 00:00:00-05:00,20.104539927052773,20.129337953441006,19.88756310833063,20.04254722595215,248500,0.0,0.0,smartcentres,yfinance,2026-09-11T01:53:23.344381
2020-01-20 00:00:00-05:00,19.98675333385191,20.085943076941028,19.93715727987235,20.01154899597168,175700,0.0,0.0,smartcentres,yfinance,2026-09-11T01:53:23.344381
2020-01-21 00:00:00-05:00,19.9557578327469,19.99295487922438,19.837970732873806,19.93716049194336,406300,0.0,0.0,smartcentres,yfinance,2026-09-11T01:53:23.344381
2020-01-22 00:00:00-05:00,19.96195603575974,20.141738190695268,19.949557021812105,20.061145782470703,226000,0.0,0.0,smartcentres,yfinance,2026-09-11T01:53:23.344381
2020-01-23 00:00:00-05:00,20.098339238020735,20.129337953441006,19.93715679623714,20.04254722595215,250100,0.0,0.0,smartcentres,yfinance,2026-09-11T01:53:23.344381
2020-01-24 00:00:00-05:00,20.048744074914413,20.104538447747572,19.899958292402733,19.9433536529541,162200,0.0,0.0,smartcentres,yfinance,2026-09-11T01:53:23.344381
2020-01-27 00:00:00-05:00,19.125041450867737,19.850367210347486,19.04444904290607,19.794572830200195,382200,0.0,0.0,smartcentres,yfinance,2026-09-11T01:53:23.344381
2020-01-28 00:00:00-05:00,19.83176166862626,19.88135652426234,19.72017294783643,19.788366317749023,215200,0.0,0.0,smartcentres,yfinance,2026-09-11T01:53:23.344381
2020-01-29 00:00:00-05:00,19.79457342365264,19.887564848309427,19.7387790418326,19.81937026977539,271700,0.0,0.0,smartcentres,yfinance,2026-09-11T01:53:23.344381
2020-01-30 00:00:00-05:00,19.81562753885161,19.902839535168063,19.765792621595704,19.77825164794922,194800,0.154,0.0,smartcentres,yfinance,2026-09-11T01:53:23.344381
2020-01-31 00:00:00-05:00,19.80939515693878,19.86545957925237,19.54153325807806,19.566450119018555,372100,0.0,0.0,smartcentres,yfinance,2026-09-11T01:53:23.344381
2020-02-03 00:00:00-05:00,19.616287360158815,19.82185653701812,19.560222931182814,19.740875244140625,393500,0.0,0.0,smartcentres,yfinance,2026-09-11T01:53:23.344381
2020-02-04 00:00:00-05:00,19.778254278955718,19.79694282097204,19.61629047928921,19.647438049316406,191200,0.0,0.0,smartcentres,yfinance,2026-09-11T01:53:23.344381
2020-02-05 00:00:00-05:00,19.62251703322158,19.753333243127155,19.591370656051144,19.666122436523438,197700,0.0,0.0,smartcentres,yfinance,2026-09-11T01:53:23.344381
2020-02-06 00:00:00-05:00,19.715967703440832,19.853014686517596,19.66613276091076,19.815637588500977,224200,0.0,0.0,smartcentres,yfinance,2026-09-11T01:53:23.344381
2020-02-07 00:00:00-05:00,19.834312203564988,20.027423509843928,19.790706808004554,19.940210342407227,252700,0.0,0.0,smartcentres,yfinance,2026-09-11T01:53:23.344381
2020-02-10 00:00:00-05:00,19.933988684575155,20.033658532945367,19.909070628403445,19.927759170532227,306600,0.0,0.0,smartcentres,yfinance,2026-09-11T01:53:23.344381
2020-02-11 00:00:00-05:00,19.902843475341797,19.996282627016893,19.834320004989998,19.902843475341797,245100,0.0,0.0,smartcentres,yfinance,2026-09-11T01:53:23.344381
2020-02-12 00:00:00-05:00,19.90285231563187,19.97137581641989,19.747117950683762,19.965145111083984,522700,0.0,0.0,smartcentres,yfinance,2026-09-11T01:53:23.344381
2020-02-13 00:00:00-05:00,20.033661730397597,20.033661730397597,19.647441303360292,19.70350456237793,479200,0.0,0.0,smartcentres,yfinance,2026-09-11T01:53:23.344381
2020-02-14 00:00:00-05:00,19.678578627128278,19.765789421165614,19.485468502549338,19.58513832092285,326600,0.0,0.0,smartcentres,yfinance,2026-09-11T01:53:23.344381
2020-02-18 00:00:00-05:00,19.610061418478534,19.740878839299384,19.591374064188653,19.622520446777344,392500,0.0,0.0,smartcentres,yfinance,2026-09-11T01:53:23.344381
2020-02-19 00:00:00-05:00,19.597600026496075,19.66612348571653,19.504159701841576,19.516618728637695,439700,0.0,0.0,smartcentres,yfinance,2026-09-11T01:53:23.344381
2020-02-20 00:00:00-05:00,19.516618667918628,19.54776504665383,19.404489803418805,19.45432472229004,260700,0.0,0.0,smartcentres,yfinance,2026-09-11T01:53:23.344381
2020-02-21 00:00:00-05:00,19.44810351500945,19.740884828060445,19.441873998970205,19.61006736755371,1195600,0.0,0.0,smartcentres,yfinance,2026-09-11T01:53:23.344381
2020-02-24 00:00:00-05:00,19.65990571160022,19.67236474583585,19.429419519035577,19.441877365112305,823700,0.0,0.0,smartcentres,yfinance,2026-09-11T01:53:23.344381
2020-02-25 00:00:00-05:00,19.684816877763847,19.684816877763847,19.186466376510978,19.242530822753906,654400,0.0,0.0,smartcentres,yfinance,2026-09-11T01:53:23.344381
2020-02-26 00:00:00-05:00,19.21761449604185,19.423183742041456,18.993356704711914,18.993356704711914,883400,0.0,0.0,smartcentres,yfinance,2026-09-11T01:53:23.344381
2020-02-27 00:00:00-05:00,18.845598893466324,18.952035877157083,18.37602417615831,18.751684188842773,435900,0.154,0.0,smartcentres,yfinance,2026-09-11T01:53:23.344381
2020-02-28 00:00:00-05:00,18.407323131437696,18.538804633632697,17.82505046640961,18.019142150878906,1275700,0.0,0.0,smartcentres,yfinance,2026-09-11T01:53:23.344381
2020-03-02 00:00:00-05:00,18.000358712684317,18.62645814616899,17.969054218686043,18.576370239257812,664400,0.0,0.0,smartcentres,yfinance,2026-09-11T01:53:23.344381
2020-03-03 00:00:00-05:00,18.745414532904494,18.870633684116324,18.388538100956715,18.451147079467773,706900,0.0,0.0,smartcentres,yfinance,2026-09-11T01:53:23.344381
2020-03-04 00:00:00-05:00,18.626455925499577,18.995854642750547,18.607672514826056,18.989593505859375,676100,0.0,0.0,smartcentres,yfinance,2026-09-11T01:53:23.344381
2020-03-05 00:00:00-05:00,18.79549789428711,18.98332717285066,18.69532211982796,18.79549789428711,421700,0.0,0.0,smartcentres,yfinance,2026-09-11T01:53:23.344381
2020-03-06 00:00:00-05:00,18.51376750557315,18.645249060481643,18.175674296447735,18.357242584228516,759400,0.0,0.0,smartcentres,yfinance,2026-09-11T01:53:23.344381
2020-03-09 00:00:00-04:00,17.236518952205163,18.113057977123635,17.13634313188248,17.161386489868164,1201300,0.0,0.0,smartcentres,yfinance,2026-09-11T01:53:23.344381
2020-03-10 00:00:00-04:00,17.681050262840635,17.693572539818874,16.823294591062407,17.155126571655273,1922500,0.0,0.0,smartcentres,yfinance,2026-09-11T01:53:23.344381
2020-03-11 00:00:00-04:00,16.90468726479484,17.324173996540686,16.654247692302565,16.72311782836914,1135700,0.0,0.0,smartcentres,yfinance,2026-09-11T01:53:23.344381
2020-03-12 00:00:00-04:00,16.591630656352095,16.635457414185332,14.894902207724824,15.076470375061035,1284100,0.0,0.0,smartcentres,yfinance,2026-09-11T01:53:23.344381
2020-03-13 00:00:00-04:00,15.621183690743816,15.840317570044007,14.719600036658466,15.71509838104248,1531500,0.0,0.0,smartcentres,yfinance,2026-09-11T01:53:23.344381
2020-03-16 00:00:00-04:00,11.52022968250072,13.379745819954884,11.52022968250072,12.590860366821289,1592000,0.0,0.0,smartcentres,yfinance,2026-09-11T01:53:23.344381
2020-03-17 00:00:00-04:00,12.61590258556389,12.678512763977052,11.776929299721088,12.521987915039062,1377800,0.0,0.0,smartcentres,yfinance,2026-09-11T01:53:23.344381
2020-03-18 00:00:00-04:00,9.954978734247922,12.271546645912316,9.128527840760196,10.236723899841309,1403800,0.0,0.0,smartcentres,yfinance,2026-09-11T01:53:23.344381
2020-03-19 00:00:00-04:00,10.33064115600012,11.107004348057334,9.836022603323913,10.574819564819336,875700,0.0,0.0,smartcentres,yfinance,2026-09-11T01:53:23.344381
2020-03-20 00:00:00-04:00,11.257265705345175,12.058673280397901,10.869084788162075,10.937954902648926,2206000,0.0,0.0,smartcentres,yfinance,2026-09-11T01:53:23.344381
2020-03-23 00:00:00-04:00,10.8941325771333,10.8941325771333,9.391493806871843,9.441581726074219,1357800,0.0,0.0,smartcentres,yfinance,2026-09-11T01:53:23.344381
2020-03-24 00:00:00-04:00,10.098981810615937,10.524729552121531,9.892369673649519,10.224202156066895,1333300,0.0,0.0,smartcentres,yfinance,2026-09-11T01:53:23.344381
2020-03-25 00:00:00-04:00,10.355685723825554,11.783191739677038,10.330641172015548,11.551535606384277,1560000,0.0,0.0,smartcentres,yfinance,2026-09-11T01:53:23.344381
2020-03-26 00:00:00-04:00,11.645449363687732,12.377985727373295,11.614143676408089,12.208938598632812,1035700,0.0,0.0,smartcentres,yfinance,2026-09-11T01:53:23.344381
2020-03-27 00:00:00-04:00,11.833277278278944,12.18389257404262,10.7814301967982,11.820755004882812,1136400,0.0,0.0,smartcentres,yfinance,2026-09-11T01:53:23.344381
2020-03-30 00:00:00-04:00,11.867468284919417,12.088405444247254,11.425595170274397,11.722281455993652,913200,0.154,0.0,smartcentres,yfinance,2026-09-11T01:53:23.344381
2020-03-31 00:00:00-04:00,11.886409500184673,12.580783108123336,11.64653559402964,11.892722129821777,1095100,0.0,0.0,smartcentres,yfinance,2026-09-11T01:53:23.344381
2020-04-01 00:00:00-04:00,11.520280726390562,11.829592228809652,10.889032467410258,10.939532279968262,1271900,0.0,0.0,smartcentres,yfinance,2026-09-11T01:53:23.344381
2020-04-02 00:00:00-04:00,10.889039834340414,11.412976195600399,10.889039834340414,11.362476348876953,958900,0.0,0.0,smartcentres,yfinance,2026-09-11T01:53:23.344381
2020-04-03 00:00:00-04:00,11.381403802441742,11.40665310063596,10.990029446344536,11.337215423583984,855700,0.0,0.0,smartcentres,yfinance,2026-09-11T01:53:23.344381
2020-04-06 00:00:00-04:00,11.854846441853608,12.347219467163086,11.570784154935925,12.347219467163086,1288800,0.0,0.0,smartcentres,yfinance,2026-09-11T01:53:23.344381
2020-04-07 00:00:00-04:00,12.845908684783822,13.25622001590239,12.460846670466914,12.833283424377441,1394300,0.0,0.0,smartcentres,yfinance,2026-09-11T01:53:23.344381
2020-04-08 00:00:00-04:00,12.98477655816054,13.982148764072436,12.839589746846714,13.93796157836914,1789400,0.0,0.0,smartcentres,yfinance,2026-09-11T01:53:23.344381
2020-04-09 00:00:00-04:00,14.285149058099158,15.030022273881793,14.020024713566537,14.638648986816406,1754400,0.0,0.0,smartcentres,yfinance,2026-09-11T01:53:23.344381
2020-04-13 00:00:00-04:00,14.588153624013515,14.809089641919192,13.609717699528531,13.887467384338379,1057000,0.0,0.0,smartcentres,yfinance,2026-09-11T01:53:23.344381
2020-04-14 00:00:00-04:00,14.22833739647087,14.417711406684013,13.761212590458678,14.020024299621582,855600,0.0,0.0,smartcentres,yfinance,2026-09-11T01:53:23.344381
2020-04-15 00:00:00-04:00,13.729654577054058,13.868528810596414,13.46453016464706,13.641280174255371,649500,0.0,0.0,smartcentres,yfinance,2026-09-11T01:53:23.344381
2020-04-16 00:00:00-04:00,13.748590565653737,13.748590565653737,13.129966219496016,13.14259147644043,514000,0.0,0.0,smartcentres,yfinance,2026-09-11T01:53:23.344381
2020-04-17 00:00:00-04:00,13.628647435631578,13.969520805063963,13.369835794614863,13.584460258483887,508300,0.0,0.0,smartcentres,yfinance,2026-09-11T01:53:23.344381
2020-04-20 00:00:00-04:00,13.521338687790205,13.754901089481242,13.05421508841872,13.698088645935059,634900,0.0,0.0,smartcentres,yfinance,2026-09-11T01:53:23.344381
2020-04-21 00:00:00-04:00,13.420343863294187,13.717030238309395,13.03528187554237,13.041594505310059,808000,0.0,0.0,smartcentres,yfinance,2026-09-11T01:53:23.344381
2020-04-22 00:00:00-04:00,13.224654480036593,13.401403261716048,12.70071835546677,12.71965503692627,680700,0.0,0.0,smartcentres,yfinance,2026-09-11T01:53:23.344381
2020-04-23 00:00:00-04:00,12.669148770998932,12.719648569230715,12.271463010424911,12.631274223327637,820100,0.0,0.0,smartcentres,yfinance,2026-09-11T01:53:23.344381
2020-04-24 00:00:00-04:00,12.694402281482258,12.915338198615503,12.397714843028277,12.763838768005371,1815000,0.0,0.0,smartcentres,yfinance,2026-09-11T01:53:23.344381
2020-04-27 00:00:00-04:00,12.883786531858828,13.578160378295491,12.719661716954787,13.552909851074219,610200,0.0,0.0,smartcentres,yfinance,2026-09-11T01:53:23.344381
2020-04-28 00:00:00-04:00,13.72965111042062,13.887463192149593,13.344589245718526,13.767525672912598,448500,0.0,0.0,smartcentres,yfinance,2026-09-11T01:53:23.344381
2020-04-29 00:00:00-04:00,14.043443515855456,14.196020392552368,13.852722723127622,13.986227035522461,709500,0.154,0.0,smartcentres,yfinance,2026-09-11T01:53:23.344381
2020-04-30 00:00:00-04:00,13.986223342297514,14.030724768011341,13.121620056750338,13.553921699523926,1072200,0.0,0.0,smartcentres,yfinance,2026-09-11T01:53:23.344381
2020-05-01 00:00:00-04:00,13.26783515330464,13.337765416832784,12.638454293544463,12.86732006072998,557900,0.0,0.0,smartcentres,yfinance,2026-09-11T01:53:23.344381
2020-05-04 00:00:00-04:00,12.428666870323076,12.83553966967707,12.174372128584938,12.75925064086914,879700,0.0,0.0,smartcentres,yfinance,2026-09-11T01:53:23.344381
2020-05-05 00:00:00-04:00,12.860970858174355,13.102551815845741,12.55581711302721,12.625748634338379,456200,0.0,0.0,smartcentres,yfinance,2026-09-11T01:53:23.344381
2020-05-06 00:00:00-04:00,12.71474793114675,12.90546866508481,12.371449154970819,12.517669677734375,504600,0.0,0.0,smartcentres,yfinance,2026-09-11T01:53:23.344381
2020-05-07 00:00:00-04:00,12.593955454683305,12.848250129770058,12.435021131182502,12.562169075012207,540500,0.0,0.0,smartcentres,yfinance,2026-09-11T01:53:23.344381
2020-05-08 00:00:00-04:00,12.651176633161409,12.994475482174646,12.638461591515043,12.829183578491211,1251700,0.0,0.0,smartcentres,yfinance,2026-09-11T01:53:23.344381
2020-05-11 00:00:00-04:00,12.803749755761462,12.873681251819319,12.237943906050463,12.396878242492676,620000,0.0,0.0,smartcentres,yfinance,2026-09-11T01:53:23.344381
2020-05-12 00:00:00-04:00,12.352376605945983,12.447736963626504,11.881931123825714,12.091724395751953,1105200,0.0,0.0,smartcentres,yfinance,2026-09-11T01:53:23.344381
2020-05-13 00:00:00-04:00,12.09808303204212,12.09808303204212,11.570421044061684,11.761141777038574,931700,0.0,0.0,smartcentres,yfinance,2026-09-11T01:53:23.344381
2020-05-14 00:00:00-04:00,11.506848150341973,12.295162447137413,11.271624759025553,12.206159591674805,872100,0.0,0.0,smartcentres,yfinance,2026-09-11T01:53:23.344381
2020-05-15 00:00:00-04:00,12.034512353662862,12.269734574731281,11.888293004071881,11.977295875549316,632000,0.0,0.0,smartcentres,yfinance,2026-09-11T01:53:23.344381
2020-05-19 00:00:00-04:00,12.365088778688914,12.593953341580137,12.29515730005891,12.504950523376465,587800,0.0,0.0,smartcentres,yfinance,2026-09-11T01:53:23.344381
2020-05-20 00:00:00-04:00,12.613030044703406,12.657531468450761,12.237944883728748,12.517669677734375,548100,0.0,0.0,smartcentres,yfinance,2026-09-11T01:53:23.344381
2020-05-21 00:00:00-04:00,12.657532568965477,13.051690322633302,12.492240685980452,12.702033996582031,530200,0.0,0.0,smartcentres,yfinance,2026-09-11T01:53:23.344381
2020-05-22 00:00:00-04:00,12.746531270541222,12.962682030733756,12.352374857888416,12.5812406539917,289300,0.0,0.0,smartcentres,yfinance,2026-09-11T01:53:23.344381
2020-05-25 00:00:00-04:00,12.714750513859679,13.051691839003276,12.58760252369184,12.994475364685059,345200,0.0,0.0,smartcentres,yfinance,2026-09-11T01:53:23.344381
2020-05-26 00:00:00-04:00,13.261478224118305,13.318694668451455,13.019897411917794,13.204261779785156,572200,0.0,0.0,smartcentres,yfinance,2026-09-11T01:53:23.344381
2020-05-27 00:00:00-04:00,13.369556752944252,13.464917111830687,12.84189480702838,13.363199234008789,703300,0.0,0.0,smartcentres,yfinance,2026-09-11T01:53:23.344381
2020-05-28 00:00:00-04:00,13.50665636377028,13.50665636377028,13.11599403251858,13.308123588562012,603200,0.154,0.0,smartcentres,yfinance,2026-09-11T01:53:23.344381
2020-05-29 00:00:00-04:00,13.250488440123608,13.250488440123608,12.776570694362565,12.872634887695312,847300,0.0,0.0,smartcentres,yfinance,2026-09-11T01:53:23.344381
2020-06-01 00:00:00-04:00,12.859824989619238,13.36576490764318,12.859824989619238,13.19925308227539,314600,0.0,0.0,smartcentres,yfinance,2026-09-11T01:53:23.344381
2020-06-02 00:00:00-04:00,13.256888033382374,13.42339858944013,13.1031839144456,13.237674713134766,472700,0.0,0.0,smartcentres,yfinance,2026-09-11T01:53:23.344381
2020-06-03 00:00:00-04:00,13.365760972606893,13.775635362672778,13.308122233813624,13.628336906433105,713500,0.0,0.0,smartcentres,yfinance,2026-09-11T01:53:23.344381
2020-06-04 00:00:00-04:00,13.666761605434404,14.377638532102178,13.365760268770648,14.217531204223633,740400,0.0,0.0,smartcentres,yfinance,2026-09-11T01:53:23.344381
2020-06-05 00:00:00-04:00,14.986047814444547,15.21019835022599,14.76830171928796,14.80672836303711,726500,0.0,0.0,smartcentres,yfinance,2026-09-11T01:53:23.344381
2020-06-08 00:00:00-04:00,14.973237251680603,15.440751592615591,14.960429593391352,15.434347152709961,1016400,0.0,0.0,smartcentres,yfinance,2026-09-11T01:53:23.344381
2020-06-09 00:00:00-04:00,15.274239543492365,15.28064398328221,14.768299793792481,14.89638614654541,808800,0.0,0.0,smartcentres,yfinance,2026-09-11T01:53:23.344381
2020-06-10 00:00:00-04:00,14.947620590005155,14.998854887304628,14.076636314392088,14.07663631439209,1264800,0.0,0.0,smartcentres,yfinance,2026-09-11T01:53:23.344381
2020-06-11 00:00:00-04:00,13.7692319105323,13.807657331977358,13.282505426647107,13.666763305664062,784300,0.0,0.0,smartcentres,yfinance,2026-09-11T01:53:23.344381
2020-06-12 00:00:00-04:00,13.916528672964633,14.185509033181912,13.634740654848988,13.878103256225586,340400,0.0,0.0,smartcentres,yfinance,2026-09-11T01:53:23.344381
2020-06-15 00:00:00-04:00,13.737206690615237,14.243145118341651,13.365757807207398,13.99978256225586,315600,0.0,0.0,smartcentres,yfinance,2026-09-11T01:53:23.344381
2020-06-16 00:00:00-04:00,14.467301218478756,14.563365390646801,13.884510522934097,14.166299819946289,382500,0.0,0.0,smartcentres,yfinance,2026-09-11T01:53:23.344381
2020-06-17 00:00:00-04:00,14.185508819496462,14.198317698723853,13.897316366011875,13.954955101013184,341000,0.0,0.0,smartcentres,yfinance,2026-09-11T01:53:23.344381
2020-06-18 00:00:00-04:00,13.76282485458455,13.942145489787379,13.647547390634296,13.788442611694336,392400,0.0,0.0,smartcentres,yfinance,2026-09-11T01:53:23.344381
2020-06-19 00:00:00-04:00,13.83968003533379,13.929339762457921,13.237676043803656,13.29531478881836,1462200,0.0,0.0,smartcentres,yfinance,2026-09-11T01:53:23.344381
2020-06-22 00:00:00-04:00,13.295316713325777,13.416998661695057,13.077570583200682,13.333742141723633,660900,0.0,0.0,smartcentres,yfinance,2026-09-11T01:53:23.344381
2020-06-23 00:00:00-04:00,13.429801236731038,13.673165041291732,13.250481824446192,13.641142845153809,661800,0.0,0.0,smartcentres,yfinance,2026-09-11T01:53:23.344381
2020-06-24 00:00:00-04:00,13.634745046737454,13.641148266988193,13.186443894799023,13.532275199890137,517200,0.0,0.0,smartcentres,yfinance,2026-09-11T01:53:23.344381
2020-06-25 00:00:00-04:00,13.282507830019043,13.519467285104238,13.192848089916597,13.333742141723633,522900,0.0,0.0,smartcentres,yfinance,2026-09-11T01:53:23.344381
2020-06-26 00:00:00-04:00,13.327338256119724,13.40419033764424,13.096784454590967,13.19925308227539,315000,0.0,0.0,smartcentres,yfinance,2026-09-11T01:53:23.344381
2020-06-29 00:00:00-04:00,13.214733599101747,13.453476891640879,13.001800924444897,13.163113594055176,293900,0.154,0.0,smartcentres,yfinance,2026-09-11T01:53:23.344381
2020-06-30 00:00:00-04:00,13.195378464754668,13.518003843054604,13.053422510643081,13.492193222045898,537300,0.0,0.0,smartcentres,yfinance,2026-09-11T01:53:23.344381
2020-07-02 00:00:00-04:00,13.724482822314185,14.001940823017742,13.42766685735757,13.892248153686523,397900,0.0,0.0,smartcentres,yfinance,2026-09-11T01:53:23.344381
2020-07-03 00:00:00-04:00,13.853534932934187,13.918060262338175,13.634149551391602,13.634149551391602,144500,0.0,0.0,smartcentres,yfinance,2026-09-11T01:53:23.344381
2020-07-06 00:00:00-04:00,13.911609565186664,13.911609565186664,13.45993465719606,13.614794731140137,643200,0.0,0.0,smartcentres,yfinance,2026-09-11T01:53:23.344381
2020-07-07 00:00:00-04:00,13.505100880794584,13.524457619198682,13.214737497549482,13.259904861450195,263200,0.0,0.0,smartcentres,yfinance,2026-09-11T01:53:23.344381
2020-07-08 00:00:00-04:00,13.259902196646335,13.350238137011573,13.059874812119942,13.227640151977539,310300,0.0,0.0,smartcentres,yfinance,2026-09-11T01:53:23.344381
2020-07-09 00:00:00-04:00,13.163117737639512,13.18247570714487,12.769515536777636,13.021162986755371,470000,0.0,0.0,smartcentres,yfinance,2026-09-11T01:53:23.344381
2020-07-10 00:00:00-04:00,12.950183265766807,13.259903352162606,12.950183265766807,13.195379257202148,259900,0.0,0.0,smartcentres,yfinance,2026-09-11T01:53:23.344381
2020-07-13 00:00:00-04:00,13.201828960467966,13.447024919927207,13.130852219123922,13.285712242126465,261200,0.0,0.0,smartcentres,yfinance,2026-09-11T01:53:23.344381
2020-07-14 00:00:00-04:00,13.227636101066286,13.330876089251335,12.969536130603663,13.053418159484863,383700,0.0,0.0,smartcentres,yfinance,2026-09-11T01:53:23.344381
2020-07-15 00:00:00-04:00,13.18892675826357,13.492194192622879,13.150210823965432,13.388954162597656,545500,0.0,0.0,smartcentres,yfinance,2026-09-11T01:53:23.344381
2020-07-16 00:00:00-04:00,13.356694716841517,13.421218825138977,13.19538198466091,13.305074691772461,404500,0.0,0.0,smartcentres,yfinance,2026-09-11T01:53:23.344381
2020-07-17 00:00:00-04:00,13.376045219498522,13.382497873462947,13.214732562541565,13.253448486328125,206000,0.0,0.0,smartcentres,yfinance,2026-09-11T01:53:23.344381
2020-07-20 00:00:00-04:00,13.227640445333519,13.292165766820236,13.085685722637251,13.105042457580566,303200,0.0,0.0,smartcentres,yfinance,2026-09-11T01:53:23.344381
2020-07-21 00:00:00-04:00,13.188924886051684,13.3179742899051,13.001801588994848,13.079232215881348,377400,0.0,0.0,smartcentres,yfinance,2026-09-11T01:53:23.344381
2020-07-22 00:00:00-04:00,13.066325954149798,13.298616587164434,13.01470595022632,13.201828002929688,425200,0.0,0.0,smartcentres,yfinance,2026-09-11T01:53:23.344381
2020-07-23 00:00:00-04:00,13.24054577241094,13.24054577241094,12.956635095943534,12.98244571685791,505600,0.0,0.0,smartcentres,yfinance,2026-09-11T01:53:23.344381
2020-07-24 00:00:00-04:00,12.969537469239617,13.130850121268175,12.859844816631483,13.092135429382324,336600,0.0,0.0,smartcentres,yfinance,2026-09-11T01:53:23.344381
2020-07-27 00:00:00-04:00,13.10504304995851,13.182473685386244,12.853395638575225,12.943730354309082,639100,0.0,0.0,smartcentres,yfinance,2026-09-11T01:53:23.344381
2020-07-28 00:00:00-04:00,12.911466598568184,13.298617263029092,12.911466598568184,13.11794662475586,561000,0.0,0.0,smartcentres,yfinance,2026-09-11T01:53:23.344381
2020-07-29 00:00:00-04:00,13.16311483192183,13.266354851723717,12.982445412627584,13.227640151977539,339600,0.0,0.0,smartcentres,yfinance,2026-09-11T01:53:23.344381
2020-07-30 00:00:00-04:00,13.145725420495431,13.451289575019427,13.015699202429547,13.347268104553223,511300,0.154,0.0,smartcentres,yfinance,2026-09-11T01:53:23.344381
2020-07-31 00:00:00-04:00,13.327761627701925,13.347266115520398,13.126220213711926,13.184732437133789,488100,0.0,0.0,smartcentres,yfinance,2026-09-11T01:53:23.344381
2020-08-04 00:00:00-04:00,13.197737597591539,13.379775810812081,13.139225359057574,13.28875732421875,420300,0.0,0.0,smartcentres,yfinance,2026-09-11T01:53:23.344381
2020-08-05 00:00:00-04:00,13.347270428088757,13.431787422542884,13.197738453233063,13.24324893951416,281100,0.0,0.0,smartcentres,yfinance,2026-09-11T01:53:23.344381
2020-08-06 00:00:00-04:00,13.230241228097945,13.555308574046133,13.230241228097945,13.269248962402344,611600,0.0,0.0,smartcentres,yfinance,2026-09-11T01:53:23.344381
2020-08-07 00:00:00-04:00,13.28225320727128,13.36677017957878,13.087212037276563,13.262748718261719,396500,0.0,0.0,smartcentres,yfinance,2026-09-11T01:53:23.344381
2020-08-10 00:00:00-04:00,13.314756156094754,13.555306500921821,13.24324219414616,13.457786560058594,389600,0.0,0.0,smartcentres,yfinance,2026-09-11T01:53:23.344381
2020-08-11 00:00:00-04:00,13.587816659499108,13.945391532664209,13.522802933466027,13.76335334777832,905400,0.0,0.0,smartcentres,yfinance,2026-09-11T01:53:23.344381
2020-08-12 00:00:00-04:00,13.815359709202264,13.880373414663993,13.509796905575422,13.685332298278809,510400,0.0,0.0,smartcentres,yfinance,2026-09-11T01:53:23.344381
2020-08-13 00:00:00-04:00,13.80235775344304,13.834865228624285,13.522799667051267,13.587813377380371,476200,0.0,0.0,smartcentres,yfinance,2026-09-11T01:53:23.344381
2020-08-14 00:00:00-04:00,13.652826441785049,13.652826441785049,13.399274347533991,13.457786560058594,253700,0.0,0.0,smartcentres,yfinance,2026-09-11T01:53:23.344381
2020-08-17 00:00:00-04:00,13.431779807574062,13.503295005437241,13.269246168818292,13.40577507019043,251100,0.0,0.0,smartcentres,yfinance,2026-09-11T01:53:23.344381
2020-08-18 00:00:00-04:00,13.425283631215892,13.490297360477957,13.256248431148022,13.373272895812988,405500,0.0,0.0,smartcentres,yfinance,2026-09-11T01:53:23.344381
2020-08-19 00:00:00-04:00,13.308248318120976,13.464280397137655,13.217229915369428,13.236734390258789,338100,0.0,0.0,smartcentres,yfinance,2026-09-11T01:53:23.344381
2020-08-20 00:00:00-04:00,13.204234577067131,13.52280041117279,13.184731330918561,13.37977123260498,635700,0.0,0.0,smartcentres,yfinance,2026-09-11T01:53:23.344381
2020-08-21 00:00:00-04:00,13.373263615436755,13.392768092690368,13.139214848524961,13.249737739562988,391300,0.0,0.0,smartcentres,yfinance,2026-09-11T01:53:23.344381
2020-08-24 00:00:00-04:00,13.321258767912527,13.516299906027994,13.230240314145366,13.412277221679688,499600,0.0,0.0,smartcentres,yfinance,2026-09-11T01:53:23.344381
2020-08-25 00:00:00-04:00,13.425279679381264,13.55530709963082,13.29525349916509,13.444784164428711,287000,0.0,0.0,smartcentres,yfinance,2026-09-11T01:53:23.344381
2020-08-26 00:00:00-04:00,13.444782796282503,13.464286039311913,13.243241431434662,13.40577507019043,511600,0.0,0.0,smartcentres,yfinance,2026-09-11T01:53:23.344381
2020-08-27 00:00:00-04:00,13.444781547723476,13.847864239986604,13.366764862751149,13.535799980163574,531800,0.0,0.0,smartcentres,yfinance,2026-09-11T01:53:23.344381
2020-08-28 00:00:00-04:00,13.623573667505896,13.623573667505896,13.41398041866339,13.584275245666504,211800,0.154,0.0,smartcentres,yfinance,2026-09-11T01:53:23.344381
2020-08-31 00:00:00-04:00,13.55807323171988,13.689068353962352,13.315730319196632,13.453276634216309,842100,0.0,0.0,smartcentres,yfinance,2026-09-11T01:53:23.344381
2020-09-01 00:00:00-04:00,13.446730430874092,13.525327276226216,13.302634132271312,13.400880813598633,489400,0.0,0.0,smartcentres,yfinance,2026-09-11T01:53:23.344381
2020-09-02 00:00:00-04:00,13.440178745102184,13.833166668795508,13.374680549607602,13.800416946411133,553100,0.0,0.0,smartcentres,yfinance,2026-09-11T01:53:23.344381
2020-09-03 00:00:00-04:00,13.859363967463668,14.239251968489647,13.702169061791615,13.741467475891113,745000,0.0,0.0,smartcentres,yfinance,2026-09-11T01:53:23.344381
2020-09-04 00:00:00-04:00,13.826612834698457,13.846261413327491,13.564620126422351,13.728364944458008,639700,0.0,0.0,smartcentres,yfinance,2026-09-11T01:53:23.344381
2020-09-08 00:00:00-04:00,13.695616480560403,13.85936129859606,13.6628680166628,13.728364944458008,661600,0.0,0.0,smartcentres,yfinance,2026-09-11T01:53:23.344381
2020-09-09 00:00:00-04:00,13.754567742350341,14.127905809758852,13.754567742350341,13.793866157531738,461100,0.0,0.0,smartcentres,yfinance,2026-09-11T01:53:23.344381
2020-09-10 00:00:00-04:00,13.813514680096718,13.813514680096718,13.590821599725562,13.721817970275879,720300,0.0,0.0,smartcentres,yfinance,2026-09-11T01:53:23.344381
2020-09-11 00:00:00-04:00,13.806967904463102,13.806967904463102,13.505677932054041,13.630123138427734,385200,0.0,0.0,smartcentres,yfinance,2026-09-11T01:53:23.344381
2020-09-14 00:00:00-04:00,13.708716670815708,13.964158192866684,13.603920084883315,13.937959671020508,392600,0.0,0.0,smartcentres,yfinance,2026-09-11T01:53:23.344381
2020-09-15 00:00:00-04:00,13.983811598139319,14.330949909357518,13.826616679031691,14.213054656982422,386000,0.0,0.0,smartcentres,yfinance,2026-09-11T01:53:23.344381
2020-09-16 00:00:00-04:00,14.324398609647082,14.507792023956782,14.160653775856883,14.272000312805176,402700,0.0,0.0,smartcentres,yfinance,2026-09-11T01:53:23.344381
2020-09-17 00:00:00-04:00,14.147562228808239,14.252358884265918,14.049315520475998,14.22615909576416,351900,0.0,0.0,smartcentres,yfinance,2026-09-11T01:53:23.344381
2020-09-18 00:00:00-04:00,14.049306460273446,14.154103048149262,13.846261978149414,13.846261978149414,803300,0.0,0.0,smartcentres,yfinance,2026-09-11T01:53:23.344381
2020-09-21 00:00:00-04:00,13.75456628893321,13.806964586729617,13.453276388922365,13.486024856567383,499600,0.0,0.0,smartcentres,yfinance,2026-09-11T01:53:23.344381
2020-09-22 00:00:00-04:00,13.51222667937068,13.728369866703973,13.328833216951079,13.368131637573242,696500,0.0,0.0,smartcentres,yfinance,2026-09-11T01:53:23.344381
2020-09-23 00:00:00-04:00,13.44673170651576,13.492580078866352,13.034093856811523,13.034093856811523,750200,0.0,0.0,smartcentres,yfinance,2026-09-11T01:53:23.344381
2020-09-24 00:00:00-04:00,12.994795828169552,13.26988731996793,12.765552710125155,13.06684398651123,692300,0.0,0.0,smartcentres,yfinance,2026-09-11T01:53:23.344381
2020-09-25 00:00:00-04:00,13.073392314257447,13.132340578640877,12.863799040571672,13.106142044067383,637900,0.0,0.0,smartcentres,yfinance,2026-09-11T01:53:23.344381
2020-09-28 00:00:00-04:00,13.243676506358964,13.407421275845826,13.204378111478682,13.282976150512695,1007200,0.0,0.0,smartcentres,yfinance,2026-09-11T01:53:23.344381
2020-09-29 00:00:00-04:00,13.345021037501102,13.345021037501102,12.968826271076233,13.061225891113281,859200,0.154,0.0,smartcentres,yfinance,2026-09-11T01:53:23.344381
2020-09-30 00:00:00-04:00,13.199822425842285,13.496818933957002,13.12722299967354,13.199822425842285,898000,0.0,0.0,smartcentres,yfinance,2026-09-11T01:53:23.344381
2020-10-01 00:00:00-04:00,13.199823995529563,13.444021293333517,13.140424686843014,13.246023178100586,369800,0.0,0.0,smartcentres,yfinance,2026-09-11T01:53:23.344381
2020-10-02 00:00:00-04:00,13.100823320368185,13.503417027175129,13.061224207646687,13.470417976379395,536200,0.0,0.0,smartcentres,yfinance,2026-09-11T01:53:23.344381
2020-10-05 00:00:00-04:00,13.556221707767843,13.576020640824531,13.312024376456314,13.424222946166992,477800,0.0,0.0,smartcentres,yfinance,2026-09-11T01:53:23.344381
2020-10-06 00:00:00-04:00,13.483622442074925,13.84661715304783,13.338423550618959,13.675019264221191,491400,0.0,0.0,smartcentres,yfinance,2026-09-11T01:53:23.344381
2020-10-07 00:00:00-04:00,13.747615847793153,13.78721496502166,13.490219697557997,13.66181755065918,444900,0.0,0.0,smartcentres,yfinance,2026-09-11T01:53:23.344381
2020-10-08 00:00:00-04:00,13.688222708291567,13.965419171418674,13.661823704525741,13.919219970703125,492100,0.0,0.0,smartcentres,yfinance,2026-09-11T01:53:23.344381
2020-10-09 00:00:00-04:00,13.972014822590731,14.011613945144974,13.780616755717306,13.800416946411133,358400,0.0,0.0,smartcentres,yfinance,2026-09-11T01:53:23.344381
2020-10-13 00:00:00-04:00,13.826820094417258,13.892818226208952,13.628821922541151,13.767420768737793,797700,0.0,0.0,smartcentres,yfinance,2026-09-11T01:53:23.344381
2020-10-14 00:00:00-04:00,13.71461296681086,13.807011300842293,13.582614267766337,13.609014511108398,345500,0.0,0.0,smartcentres,yfinance,2026-09-11T01:53:23.344381
2020-10-15 00:00:00-04:00,13.470417618726787,13.87301257367754,13.470417618726787,13.714614868164062,441400,0.0,0.0,smartcentres,yfinance,2026-09-11T01:53:23.344381
2020-10-16 00:00:00-04:00,13.675020891466517,13.708021215648577,13.562822306914816,13.615621566772461,466100,0.0,0.0,smartcentres,yfinance,2026-09-11T01:53:23.344381
2020-10-19 00:00:00-04:00,13.661813410167357,13.661813410167357,13.463815366365697,13.562813758850098,998000,0.0,0.0,smartcentres,yfinance,2026-09-11T01:53:23.344381
2020-10-20 00:00:00-04:00,13.569417286036188,13.79381437103726,13.543018295418335,13.701416015625,410000,0.0,0.0,smartcentres,yfinance,2026-09-11T01:53:23.344381
2020-10-21 00:00:00-04:00,13.694819642166589,13.998415039632363,13.602421261865445,13.932416915893555,478900,0.0,0.0,smartcentres,yfinance,2026-09-11T01:53:23.344381
2020-10-22 00:00:00-04:00,13.985214793582873,14.176611599486051,13.919215417507042,14.15681266784668,474500,0.0,0.0,smartcentres,yfinance,2026-09-11T01:53:23.344381
2020-10-23 00:00:00-04:00,14.170005171142662,14.440601358557704,14.16340511061634,14.42740249633789,435100,0.0,0.0,smartcentres,yfinance,2026-09-11T01:53:23.344381
2020-10-26 00:00:00-04:00,14.374612998316614,14.381213063309227,14.01161697672508,14.090816497802734,866100,0.0,0.0,smartcentres,yfinance,2026-09-11T01:53:23.344381
2020-10-27 00:00:00-04:00,14.150209451641112,14.288806977570305,13.965411491569073,14.005010604858398,523100,0.0,0.0,smartcentres,yfinance,2026-09-11T01:53:23.344381
2020-10-28 00:00:00-04:00,13.85981504157771,13.912614286620864,13.602418879346493,13.655218124389648,681400,0.0,0.0,smartcentres,yfinance,2026-09-11T01:53:23.344381
2020-10-29 00:00:00-04:00,13.697776631822954,14.05019433859532,13.471696726061205,13.977051734924316,511400,0.154,0.0,smartcentres,yfinance,2026-09-11T01:53:23.344381
2020-10-30 00:00:00-04:00,13.970397478010224,14.043541325354049,13.75096720425187,14.003643989562988,519100,0.0,0.0,smartcentres,yfinance,2026-09-11T01:53:23.344381
2020-11-02 00:00:00-05:00,13.96374627908651,14.216423034667969,13.864005487890486,14.216423034667969,425100,0.0,0.0,smartcentres,yfinance,2026-09-11T01:53:23.344381
2020-11-03 00:00:00-05:00,14.296217612672578,14.402607967863178,14.156580747087316,14.209775924682617,321800,0.0,0.0,smartcentres,yfinance,2026-09-11T01:53:23.344381
2020-11-04 00:00:00-05:00,14.236374855041502,14.322817823300934,13.890605518550283,14.236374855041504,646300,0.0,0.0,smartcentres,yfinance,2026-09-11T01:53:23.344381
2020-11-05 00:00:00-05:00,14.34941753685668,14.395963174115087,14.223078472674224,14.249676704406738,388500,0.0,0.0,smartcentres,yfinance,2026-09-11T01:53:23.344381
2020-11-06 00:00:00-05:00,14.256323730071328,14.302869359062102,14.016944760092178,14.030243873596191,395500,0.0,0.0,smartcentres,yfinance,2026-09-11T01:53:23.344381
2020-11-09 00:00:00-05:00,14.628686460619926,16.530416106347865,14.628686460619926,16.244491577148438,1511400,0.0,0.0,smartcentres,yfinance,2026-09-11T01:53:23.344381
2020-11-10 00:00:00-05:00,16.13145027783914,16.34423095043926,15.925319159791878,15.998461723327637,718200,0.0,0.0,smartcentres,yfinance,2026-09-11T01:53:23.344381
2020-11-11 00:00:00-05:00,15.998465519550093,16.370833053231003,15.872127757886036,16.237844467163086,750800,0.0,0.0,smartcentres,yfinance,2026-09-11T01:53:23.344381
2020-11-12 00:00:00-05:00,16.2245469071824,16.37748290800143,15.759089347958417,15.838881492614746,687100,0.0,0.0,smartcentres,yfinance,2026-09-11T01:53:23.344381
2020-11-13 00:00:00-05:00,15.792336513084317,16.317640104817055,15.785686956043904,16.17135238647461,1001000,0.0,0.0,smartcentres,yfinance,2026-09-11T01:53:23.344381
2020-11-16 00:00:00-05:00,16.49052419827471,16.942683949577365,16.47057679460001,16.616863250732422,793200,0.0,0.0,smartcentres,yfinance,2026-09-11T01:53:23.344381
2020-11-17 00:00:00-05:00,16.63681167020188,16.696656416864528,16.357536608533984,16.643461227416992,647100,0.0,0.0,smartcentres,yfinance,2026-09-11T01:53:23.344381
2020-11-18 00:00:00-05:00,16.78974585485501,16.78974585485501,16.390781343263217,16.43067741394043,690400,0.0,0.0,smartcentres,yfinance,2026-09-11T01:53:23.344381
2020-11-19 00:00:00-05:00,16.330939773202623,16.430680603393526,16.15805507567744,16.297693252563477,855000,0.0,0.0,smartcentres,yfinance,2026-09-11T01:53:23.344381
2020-11-20 00:00:00-05:00,16.27109097954349,16.304338760197044,16.03171330020365,16.237844467163086,604300,0.0,0.0,smartcentres,yfinance,2026-09-11T01:53:23.344381
2020-11-23 00:00:00-05:00,16.33093296139472,16.397427243211,16.18464655601726,16.22454261779785,529200,0.0,0.0,smartcentres,yfinance,2026-09-11T01:53:23.344381
2020-11-24 00:00:00-05:00,16.35753363497764,16.570314354087408,16.251143275422752,16.304338455200195,729300,0.0,0.0,smartcentres,yfinance,2026-09-11T01:53:23.344381
2020-11-25 00:00:00-05:00,16.33758544921875,16.357534117826567,16.111505611422814,16.33758544921875,964600,0.0,0.0,smartcentres,yfinance,2026-09-11T01:53:23.344381
2020-11-26 00:00:00-05:00,16.291037385818065,16.404077287797517,16.191296594253366,16.3442325592041,320900,0.0,0.0,smartcentres,yfinance,2026-09-11T01:53:23.344381
2020-11-27 00:00:00-05:00,16.259928989167427,16.33353401670807,16.08595555796727,16.226472854614258,665100,0.154,0.0,smartcentres,yfinance,2026-09-11T01:53:23.344381
2020-11-30 00:00:00-05:00,16.24653938575816,16.24653938575816,15.838368106468861,16.119403839111328,5838600,0.0,0.0,smartcentres,yfinance,2026-09-11T01:53:23.344381
2020-12-01 00:00:00-05:00,16.19301548562833,16.373680385220542,16.09933601873536,16.25992774963379,440700,0.0,0.0,smartcentres,yfinance,2026-09-11T01:53:23.344381
2020-12-02 00:00:00-05:00,16.23315642794921,16.266612546202488,16.045798847431197,16.119403839111328,597400,0.0,0.0,smartcentres,yfinance,2026-09-11T01:53:23.344381
2020-12-03 00:00:00-05:00,16.11940370834506,16.45396999324011,16.059181674962424,16.206390380859375,726000,0.0,0.0,smartcentres,yfinance,2026-09-11T01:53:23.344381
2020-12-04 00:00:00-05:00,16.052495694653867,16.206395932117225,15.677781684574093,16.166248321533203,1059200,0.0,0.0,smartcentres,yfinance,2026-09-11T01:53:23.344381
2020-12-07 00:00:00-05:00,16.126106057330322,16.172945164585443,15.831687170808197,16.019044876098633,464500,0.0,0.0,smartcentres,yfinance,2026-09-11T01:53:23.344381
2020-12-08 00:00:00-05:00,16.005659278496854,16.039115413531277,15.885215150341342,15.918672561645508,441000,0.0,0.0,smartcentres,yfinance,2026-09-11T01:53:23.344381
2020-12-09 00:00:00-05:00,15.97888771675559,16.025728076069786,15.704543422118912,15.751383781433105,600300,0.0,0.0,smartcentres,yfinance,2026-09-11T01:53:23.344381
2020-12-10 00:00:00-05:00,15.664403325022432,15.911983094955213,15.664403325022432,15.891908645629883,507000,0.0,0.0,smartcentres,yfinance,2026-09-11T01:53:23.344381
2020-12-11 00:00:00-05:00,15.791535326040215,15.918670923372375,15.724621786588045,15.80491828918457,318300,0.0,0.0,smartcentres,yfinance,2026-09-11T01:53:23.344381
2020-12-14 00:00:00-05:00,15.858444810805528,15.911975373426648,15.764765369016605,15.824987411499023,811600,0.0,0.0,smartcentres,yfinance,2026-09-11T01:53:23.344381
2020-12-15 00:00:00-05:00,15.83168366808042,16.05249746504992,15.717931028655544,16.03242301940918,602700,0.0,0.0,smartcentres,yfinance,2026-09-11T01:53:23.344381
2020-12-16 00:00:00-05:00,16.059188239023833,16.353607047428095,16.02573210736705,16.21977996826172,745400,0.0,0.0,smartcentres,yfinance,2026-09-11T01:53:23.344381
2020-12-17 00:00:00-05:00,16.25992217461004,16.273305133330382,15.87851678496467,15.938738822937012,468600,0.0,0.0,smartcentres,yfinance,2026-09-11T01:53:23.344381
2020-12-18 00:00:00-05:00,15.858448034547795,15.898595645607612,15.456968095140974,15.557337760925293,970800,0.0,0.0,smartcentres,yfinance,2026-09-11T01:53:23.344381
2020-12-21 00:00:00-05:00,15.390050793089438,15.51049487306452,15.303064111034786,15.416816711425781,1127700,0.0,0.0,smartcentres,yfinance,2026-09-11T01:53:23.344381
2020-12-22 00:00:00-05:00,15.450276740606215,15.510498795824516,15.262919093674888,15.309758186340332,418900,0.0,0.0,smartcentres,yfinance,2026-09-11T01:53:23.344381
2020-12-23 00:00:00-05:00,15.30306334519913,15.530567258326545,15.30306334519913,15.456963539123535,258300,0.0,0.0,smartcentres,yfinance,2026-09-11T01:53:23.344381
2020-12-24 00:00:00-05:00,15.456964850278634,15.557334494992471,15.443581890644982,15.537260055541992,210300,0.0,0.0,smartcentres,yfinance,2026-09-11T01:53:23.344381
2020-12-29 00:00:00-05:00,15.644319763234869,15.711233279073786,15.490419570193767,15.530567169189453,451500,0.0,0.0,smartcentres,yfinance,2026-09-11T01:53:23.344381
2020-12-30 00:00:00-05:00,15.54674666091861,15.66799532438076,15.499594688415527,15.499594688415527,312000,0.154,0.0,smartcentres,yfinance,2026-09-11T01:53:23.344381
2020-12-31 00:00:00-05:00,15.533265319460936,15.607361967573048,15.418752901830464,15.546737670898438,285900,0.0,0.0,smartcentres,yfinance,2026-09-11T01:53:23.344381
2021-01-04 00:00:00-05:00,15.72188347649784,15.728619656111837,15.331194052450293,15.499594688415527,579100,0.0,0.0,smartcentres,yfinance,2026-09-11T01:53:23.344381
2021-01-05 00:00:00-05:00,15.546736547549623,15.75555284056603,15.540000372317602,15.60736083984375,426800,0.0,0.0,smartcentres,yfinance,2026-09-11T01:53:23.344381
2021-01-06 00:00:00-05:00,15.701670068821604,15.775766736804492,15.58715762048191,15.694933891296387,555400,0.0,0.0,smartcentres,yfinance,2026-09-11T01:53:23.344381
2021-01-07 00:00:00-05:00,15.809438279465256,15.856591498101512,15.654510129756215,15.701662063598633,573800,0.0,0.0,smartcentres,yfinance,2026-09-11T01:53:23.344381
2021-01-08 00:00:00-05:00,15.735349827512502,15.82291755946877,15.641044633719906,15.715141296386719,314400,0.0,0.0,smartcentres,yfinance,2026-09-11T01:53:23.344381
2021-01-11 00:00:00-05:00,15.647778546543831,15.849859974177498,15.566947003325735,15.681459426879883,521000,0.0,0.0,smartcentres,yfinance,2026-09-11T01:53:23.344381
2021-01-12 00:00:00-05:00,15.688197295428202,15.748820316984826,15.627572989077224,15.708404541015625,372700,0.0,0.0,smartcentres,yfinance,2026-09-11T01:53:23.344381
2021-01-13 00:00:00-05:00,15.661253164845691,15.917221468466966,15.560213078805567,15.715141296386719,649200,0.0,0.0,smartcentres,yfinance,2026-09-11T01:53:23.344381
2021-01-14 00:00:00-05:00,15.72861573013466,15.984584067600501,15.654519057670662,15.883543968200684,522900,0.0,0.0,smartcentres,yfinance,2026-09-11T01:53:23.344381
2021-01-15 00:00:00-05:00,15.863324586175876,15.897005452806006,15.74207732068849,15.89026927947998,355300,0.0,0.0,smartcentres,yfinance,2026-09-11T01:53:23.344381
2021-01-18 00:00:00-05:00,15.91721881712721,15.998051643371582,15.876803046402117,15.998051643371582,168900,0.0,0.0,smartcentres,yfinance,2026-09-11T01:53:23.344381
2021-01-19 00:00:00-05:00,16.051942624588182,16.213607021073162,15.930694006025844,16.152982711791992,509300,0.0,0.0,smartcentres,yfinance,2026-09-11T01:53:23.344381
2021-01-20 00:00:00-05:00,16.25401831330695,16.62450024387004,16.12603483773965,16.469572067260742,506600,0.0,0.0,smartcentres,yfinance,2026-09-11T01:53:23.344381
2021-01-21 00:00:00-05:00,16.489778311787433,16.489778311787433,16.240546266180107,16.435890197753906,454600,0.0,0.0,smartcentres,yfinance,2026-09-11T01:53:23.344381
2021-01-22 00:00:00-05:00,16.435895541059192,16.44936789514593,16.233815368935748,16.3281192779541,540400,0.0,0.0,smartcentres,yfinance,2026-09-11T01:53:23.344381
2021-01-25 00:00:00-05:00,16.213602682090904,16.462836029636833,16.20013033145727,16.294435501098633,560900,0.0,0.0,smartcentres,yfinance,2026-09-11T01:53:23.344381
2021-01-26 00:00:00-05:00,16.368534110691137,16.435894592442633,16.206869725364147,16.287702560424805,406200,0.0,0.0,smartcentres,yfinance,2026-09-11T01:53:23.344381
2021-01-27 00:00:00-05:00,16.220340915268128,16.301173744531045,16.078885070050816,16.119300842285156,747600,0.0,0.0,smartcentres,yfinance,2026-09-11T01:53:23.344381
2021-01-28 00:00:00-05:00,16.18981158969008,16.345744599112205,15.966083081433233,16.115236282348633,603000,0.154,0.0,smartcentres,yfinance,2026-09-11T01:53:23.344381
2021-01-29 00:00:00-05:00,15.999974854328867,16.12200876577089,15.81692398716583,15.95251750946045,1014400,0.0,0.0,smartcentres,yfinance,2026-09-11T01:53:23.344381
2021-02-01 00:00:00-05:00,15.938962987686441,16.094894682931006,15.905063949731485,16.081335067749023,619300,0.0,0.0,smartcentres,yfinance,2026-09-11T01:53:23.344381
2021-02-02 00:00:00-05:00,16.149126817258264,16.338957491292245,16.10844927750658,16.223703384399414,728800,0.0,0.0,smartcentres,yfinance,2026-09-11T01:53:23.344381
2021-02-03 00:00:00-05:00,16.223695823749754,16.223695823749754,15.938950591955047,16.020305633544922,629400,0.0,0.0,smartcentres,yfinance,2026-09-11T01:53:23.344381
2021-02-04 00:00:00-05:00,16.054213329007634,16.277941754069154,16.020314299079665,16.1287899017334,833900,0.0,0.0,smartcentres,yfinance,2026-09-11T01:53:23.344381
2021-02-05 00:00:00-05:00,16.155915659769494,16.250830403320514,16.06778072548875,16.183034896850586,496100,0.0,0.0,smartcentres,yfinance,2026-09-11T01:53:23.344381
2021-02-08 00:00:00-05:00,16.271161907345537,16.406755440486393,16.176247210016403,16.359296798706055,490600,0.0,0.0,smartcentres,yfinance,2026-09-11T01:53:23.344381
2021-02-09 00:00:00-05:00,16.41353442092125,16.467772870215324,16.169467864676918,16.23726463317871,436400,0.0,0.0,smartcentres,yfinance,2026-09-11T01:53:23.344381
2021-02-10 00:00:00-05:00,16.237267952737454,16.447436814255862,16.16269136282741,16.40675926208496,341600,0.0,0.0,smartcentres,yfinance,2026-09-11T01:53:23.344381
2021-02-11 00:00:00-05:00,16.494892120361328,16.58302702127817,16.399977412740743,16.494892120361328,694200,0.0,0.0,smartcentres,yfinance,2026-09-11T01:53:23.344381
2021-02-12 00:00:00-05:00,16.610146988387015,17.24743462266699,16.603367181381106,16.98980712890625,1179800,0.0,0.0,smartcentres,yfinance,2026-09-11T01:53:23.344381
2021-02-16 00:00:00-05:00,17.16607493184228,17.16607493184228,16.74573732320591,17.010143280029297,623600,0.0,0.0,smartcentres,yfinance,2026-09-11T01:53:23.344381
2021-02-17 00:00:00-05:00,16.955916543876373,17.159305667437874,16.86778030871428,16.94913673400879,417100,0.0,0.0,smartcentres,yfinance,2026-09-11T01:53:23.344381
2021-02-18 00:00:00-05:00,17.03726820352194,17.03726820352194,16.793201563617053,16.86777687072754,337200,0.0,0.0,smartcentres,yfinance,2026-09-11T01:53:23.344381
2021-02-19 00:00:00-05:00,16.949123604481294,17.118614840526106,16.82708970763055,17.003360748291016,418600,0.0,0.0,smartcentres,yfinance,2026-09-11T01:53:23.344381
2021-02-22 00:00:00-05:00,17.315227005695085,17.593192556821005,17.098277115907088,17.505056381225586,880200,0.0,0.0,smartcentres,yfinance,2026-09-11T01:53:23.344381
2021-02-23 00:00:00-05:00,17.633871956621256,17.633871956621256,17.308449027265286,17.57285499572754,528000,0.0,0.0,smartcentres,yfinance,2026-09-11T01:53:23.344381
2021-02-24 00:00:00-05:00,17.647429221738786,18.393189679057247,17.579632463860126,18.298274993896484,974900,0.0,0.0,smartcentres,yfinance,2026-09-11T01:53:23.344381
2021-02-25 00:00:00-05:00,18.410105478766923,18.4305616197143,17.898713659912286,17.994173049926758,724200,0.154,0.0,smartcentres,yfinance,2026-09-11T01:53:23.344381
2021-02-26 00:00:00-05:00,18.041903385541907,18.205549917858185,17.387322458423572,17.925989151000977,657500,0.0,0.0,smartcentres,yfinance,2026-09-11T01:53:23.344381
2021-03-01 00:00:00-05:00,18.08963376854259,18.40328679366912,18.000991791503075,18.069177627563477,855600,0.0,0.0,smartcentres,yfinance,2026-09-11T01:53:23.344381
2021-03-02 00:00:00-05:00,18.198726639873996,18.205545352055154,17.97371434004124,17.987350463867188,1116500,0.0,0.0,smartcentres,yfinance,2026-09-11T01:53:23.344381
2021-03-03 00:00:00-05:00,18.130544779964527,18.376013269973477,17.960080839799787,18.000991821289062,843100,0.0,0.0,smartcentres,yfinance,2026-09-11T01:53:23.344381
2021-03-04 00:00:00-05:00,17.9941719679576,18.239640442419816,17.653244109220783,17.73506736755371,1094600,0.0,0.0,smartcentres,yfinance,2026-09-11T01:53:23.344381
2021-03-05 00:00:00-05:00,17.74870887935794,17.891897988728545,17.455510645271243,17.69416046142578,911300,0.0,0.0,smartcentres,yfinance,2026-09-11T01:53:23.344381
2021-03-08 00:00:00-05:00,17.932806184165855,18.185093390646124,17.78279838334903,18.096452713012695,705400,0.0,0.0,smartcentres,yfinance,2026-09-11T01:53:23.344381
2021-03-09 00:00:00-05:00,18.150995522248376,18.25327359581888,17.96689420949971,17.973712921142578,519900,0.0,0.0,smartcentres,yfinance,2026-09-11T01:53:23.344381
2021-03-10 00:00:00-05:00,18.069172042558804,18.096446888767236,17.90552686691696,17.94643783569336,571900,0.0,0.0,smartcentres,yfinance,2026-09-11T01:53:23.344381
2021-03-11 00:00:00-05:00,18.10327268928552,18.10327268928552,17.803257045175627,17.810075759887695,557300,0.0,0.0,smartcentres,yfinance,2026-09-11T01:53:23.344381
2021-03-12 00:00:00-05:00,17.85780068383563,18.157816247665522,17.823707119398254,18.12372398376465,761400,0.0,0.0,smartcentres,yfinance,2026-09-11T01:53:23.344381
2021-03-15 00:00:00-04:00,18.22600832110419,18.655578276450775,18.164641184626102,18.614665985107422,604500,0.0,0.0,smartcentres,yfinance,2026-09-11T01:53:23.344381
2021-03-16 00:00:00-04:00,18.7101175548229,18.737391101854037,18.526016235351562,18.526016235351562,569400,0.0,0.0,smartcentres,yfinance,2026-09-11T01:53:23.344381
2021-03-17 00:00:00-04:00,18.560112458955402,18.703302838199207,18.38964852685448,18.471471786499023,482400,0.0,0.0,smartcentres,yfinance,2026-09-11T01:53:23.344381
2021-03-18 00:00:00-04:00,18.48511345435374,18.635121280826635,18.28737462349062,18.37601661682129,395800,0.0,0.0,smartcentres,yfinance,2026-09-11T01:53:23.344381
2021-03-19 00:00:00-04:00,18.362373252833766,18.607841708222267,18.273731288149488,18.491926193237305,615100,0.0,0.0,smartcentres,yfinance,2026-09-11T01:53:23.344381
2021-03-22 00:00:00-04:00,18.4987510779358,18.676033778380802,18.471477516618027,18.54648208618164,249200,0.0,0.0,smartcentres,yfinance,2026-09-11T01:53:23.344381
2021-03-23 00:00:00-04:00,18.560111018675272,18.62147813351239,18.28736900858612,18.31464385986328,341100,0.0,0.0,smartcentres,yfinance,2026-09-11T01:53:23.344381
2021-03-24 00:00:00-04:00,18.430562628983772,18.641937561535123,18.389650344848633,18.389650344848633,554000,0.0,0.0,smartcentres,yfinance,2026-09-11T01:53:23.344381
2021-03-25 00:00:00-04:00,18.389650344848633,18.471473612582194,18.17145669827476,18.389650344848633,404200,0.0,0.0,smartcentres,yfinance,2026-09-11T01:53:23.344381
2021-03-26 00:00:00-04:00,18.41010644445403,18.641937518538242,18.403287730447236,18.60102653503418,398500,0.0,0.0,smartcentres,yfinance,2026-09-11T01:53:23.344381
2021-03-29 00:00:00-04:00,18.641937585690517,18.710123425467383,18.46465492248535,18.46465492248535,642300,0.0,0.0,smartcentres,yfinance,2026-09-11T01:53:23.344381
2021-03-30 00:00:00-04:00,18.51540108264073,18.618264160393732,18.48111382604806,18.5496883392334,260900,0.154,0.0,smartcentres,yfinance,2026-09-11T01:53:23.344381
2021-03-31 00:00:00-04:00,18.53596706790446,18.58396973179881,18.41253089904785,18.41253089904785,386100,0.0,0.0,smartcentres,yfinance,2026-09-11T01:53:23.344381
2021-04-01 00:00:00-04:00,18.46739582330752,18.508540787072416,18.295956948316512,18.49482536315918,298000,0.0,0.0,smartcentres,yfinance,2026-09-11T01:53:23.344381
2021-04-05 00:00:00-04:00,18.549681778323457,18.659402530182433,18.460534157928493,18.529109954833984,234200,0.0,0.0,smartcentres,yfinance,2026-09-11T01:53:23.344381
2021-04-06 00:00:00-04:00,18.54968916802567,18.65255355834961,18.446826085676786,18.65255355834961,355400,0.0,0.0,smartcentres,yfinance,2026-09-11T01:53:23.344381
2021-04-07 00:00:00-04:00,18.652550033476935,18.79655805995639,18.631976897704952,18.7828426361084,328200,0.0,0.0,smartcentres,yfinance,2026-09-11T01:53:23.344381
2021-04-08 00:00:00-04:00,18.78970498982578,19.201158651086956,18.714272755976744,19.139440536499023,650100,0.0,0.0,smartcentres,yfinance,2026-09-11T01:53:23.344381
2021-04-09 00:00:00-04:00,19.139439512633988,19.180584484166516,18.96114289202629,19.043434143066406,737500,0.0,0.0,smartcentres,yfinance,2026-09-11T01:53:23.344381
2021-04-12 00:00:00-04:00,19.043429535112203,19.194295266209735,18.926851053999417,19.0502872467041,407600,0.0,0.0,smartcentres,yfinance,2026-09-11T01:53:23.344381
2021-04-13 00:00:00-04:00,19.125718387491318,19.317730377390244,18.995425798464055,19.26972770690918,342900,0.0,0.0,smartcentres,yfinance,2026-09-11T01:53:23.344381
2021-04-14 00:00:00-04:00,19.269732238415205,19.42745570936486,19.125722885131836,19.125722885131836,330600,0.0,0.0,smartcentres,yfinance,2026-09-11T01:53:23.344381
2021-04-15 00:00:00-04:00,19.18057812803811,19.33830286459969,19.022854699451162,19.24229621887207,244700,0.0,0.0,smartcentres,yfinance,2026-09-11T01:53:23.344381
2021-04-16 00:00:00-04:00,19.297160139614746,19.345162817299382,19.07771857992792,19.11200714111328,346400,0.0,0.0,smartcentres,yfinance,2026-09-11T01:53:23.344381
2021-04-19 00:00:00-04:00,19.194293758361276,19.194293758361276,19.03657032806214,19.118860244750977,204200,0.0,0.0,smartcentres,yfinance,2026-09-11T01:53:23.344381
2021-04-20 00:00:00-04:00,19.063999657348926,19.27658477376573,18.98856745253213,19.24229621887207,267700,0.0,0.0,smartcentres,yfinance,2026-09-11T01:53:23.344381
2021-04-21 00:00:00-04:00,19.235446984009904,19.37259864807129,19.194302007981573,19.37259864807129,208800,0.0,0.0,smartcentres,yfinance,2026-09-11T01:53:23.344381
2021-04-22 00:00:00-04:00,19.372593514838165,19.46859886945709,19.242299599301866,19.290302276611328,326300,0.0,0.0,smartcentres,yfinance,2026-09-11T01:53:23.344381
2021-04-23 00:00:00-04:00,19.29030303187283,19.372594273321564,19.24915806513592,19.25601577758789,233500,0.0,0.0,smartcentres,yfinance,2026-09-11T01:53:23.344381
2021-04-26 00:00:00-04:00,19.269727062787,19.310872020684762,19.166864014055278,19.24229621887207,268600,0.0,0.0,smartcentres,yfinance,2026-09-11T01:53:23.344381
2021-04-27 00:00:00-04:00,19.39316490420373,19.43430986562285,19.221726038986855,19.33830451965332,203300,0.0,0.0,smartcentres,yfinance,2026-09-11T01:53:23.344381
2021-04-28 00:00:00-04:00,19.32458839181629,19.605748015880998,19.32458839181629,19.59889030456543,342700,0.0,0.0,smartcentres,yfinance,2026-09-11T01:53:23.344381
2021-04-29 00:00:00-04:00,19.68438850481284,19.760230704735424,19.56717842996023,19.643020629882812,399300,0.154,0.0,smartcentres,yfinance,2026-09-11T01:53:23.344381
2021-04-30 00:00:00-04:00,19.63612017470065,19.856750531597857,19.63612017470065,19.732646942138672,605900,0.0,0.0,smartcentres,yfinance,2026-09-11T01:53:23.344381
2021-05-03 00:00:00-04:00,19.767124613386088,20.14633296453055,19.753334884056223,19.99464988708496,488300,0.0,0.0,smartcentres,yfinance,2026-09-11T01:53:23.344381
2021-05-04 00:00:00-04:00,20.00844363313893,20.160126741035125,19.911916823512957,20.001548767089844,404600,0.0,0.0,smartcentres,yfinance,2026-09-11T01:53:23.344381
2021-05-05 00:00:00-04:00,20.111855773818053,20.15322363814384,19.739541049703885,19.8774356842041,450900,0.0,0.0,smartcentres,yfinance,2026-09-11T01:53:23.344381
2021-05-06 00:00:00-04:00,19.870533828732935,19.967059249880347,19.787798129195217,19.91879653930664,207600,0.0,0.0,smartcentres,yfinance,2026-09-11T01:53:23.344381
2021-05-07 00:00:00-04:00,19.877435035381335,20.291117610318206,19.877435035381335,20.256643295288086,456600,0.0,0.0,smartcentres,yfinance,2026-09-11T01:53:23.344381
2021-05-10 00:00:00-04:00,20.304919403717545,20.43591793350359,20.242866914845656,20.277339935302734,736400,0.0,0.0,smartcentres,yfinance,2026-09-11T01:53:23.344381
2021-05-11 00:00:00-04:00,20.180802811117236,20.201486085462857,19.74643563900964,19.953277587890625,598900,0.0,0.0,smartcentres,yfinance,2026-09-11T01:53:23.344381
2021-05-12 00:00:00-04:00,19.905017190208966,20.098068120348454,19.636122756704797,19.670597076416016,429600,0.0,0.0,smartcentres,yfinance,2026-09-11T01:53:23.344381
2021-05-13 00:00:00-04:00,19.994647092949467,20.160119876601065,19.601649067394327,20.0498046875,375100,0.0,0.0,smartcentres,yfinance,2026-09-11T01:53:23.344381
2021-05-14 00:00:00-04:00,20.15322318151929,20.284222949820283,20.049802865517737,20.263538360595703,642100,0.0,0.0,smartcentres,yfinance,2026-09-11T01:53:23.344381
2021-05-17 00:00:00-04:00,20.263541145732564,20.325593606874474,20.125647810464535,20.187700271606445,328000,0.0,0.0,smartcentres,yfinance,2026-09-11T01:53:23.344381
2021-05-18 00:00:00-04:00,20.235964233455547,20.36006916327517,20.118754168077118,20.270437240600586,447000,0.0,0.0,smartcentres,yfinance,2026-09-11T01:53:23.344381
2021-05-19 00:00:00-04:00,20.235966935982727,20.304914274541694,20.091177393502782,20.298019409179688,851300,0.0,0.0,smartcentres,yfinance,2026-09-11T01:53:23.344381
2021-05-20 00:00:00-04:00,20.298013751044593,20.373854618763584,20.153224248925177,20.19459342956543,548900,0.0,0.0,smartcentres,yfinance,2026-09-11T01:53:23.344381
2021-05-21 00:00:00-04:00,20.263539511652443,20.263539511652443,20.001541275228497,20.11185646057129,364300,0.0,0.0,smartcentres,yfinance,2026-09-11T01:53:23.344381
2021-05-25 00:00:00-04:00,20.173909604003896,20.19459419510814,19.925699770996108,20.0498046875,412800,0.0,0.0,smartcentres,yfinance,2026-09-11T01:53:23.344381
2021-05-26 00:00:00-04:00,20.07737980746339,20.256640964753334,19.967063327119615,20.22216796875,210900,0.0,0.0,smartcentres,yfinance,2026-09-11T01:53:23.344381
2021-05-27 00:00:00-04:00,20.291115275817173,20.304905000242705,20.187694972746666,20.22216796875,313400,0.0,0.0,smartcentres,yfinance,2026-09-11T01:53:23.344381
2021-05-28 00:00:00-04:00,20.349708721864342,20.377432432650412,20.24574117091018,20.287328720092773,540500,0.154,0.0,smartcentres,yfinance,2026-09-11T01:53:23.344381
2021-05-31 00:00:00-04:00,20.384361329524268,20.384361329524268,20.27346385522169,20.30811882019043,174900,0.0,0.0,smartcentres,yfinance,2026-09-11T01:53:23.344381
2021-06-01 00:00:00-04:00,20.273467925286223,20.36357164549531,20.197225400646076,20.259605407714844,404500,0.0,0.0,smartcentres,yfinance,2026-09-11T01:53:23.344381
2021-06-02 00:00:00-04:00,20.224944667630187,20.349704646186147,20.107115945883116,20.33584213256836,439800,0.0,0.0,smartcentres,yfinance,2026-09-11T01:53:23.344381
2021-06-03 00:00:00-04:00,20.2942602372018,20.342777723198147,20.21801771806334,20.238811492919922,194000,0.0,0.0,smartcentres,yfinance,2026-09-11T01:53:23.344381
2021-06-04 00:00:00-04:00,20.287332307245165,20.308124763510605,20.169503541064962,20.252676010131836,169600,0.0,0.0,smartcentres,yfinance,2026-09-11T01:53:23.344381
2021-06-07 00:00:00-04:00,20.273459662832604,20.550703291257285,20.273459662832604,20.502185821533203,424500,0.0,0.0,smartcentres,yfinance,2026-09-11T01:53:23.344381
2021-06-08 00:00:00-04:00,20.55763996178919,20.66853744236778,20.481397448140566,20.626951217651367,268100,0.0,0.0,smartcentres,yfinance,2026-09-11T01:53:23.344381
2021-06-09 00:00:00-04:00,20.696260415770556,20.717052865060328,20.57843168912074,20.606155395507812,920000,0.0,0.0,smartcentres,yfinance,2026-09-11T01:53:23.344381
2021-06-10 00:00:00-04:00,20.66854449739608,20.737855776917065,20.59230195772273,20.71706199645996,190800,0.0,0.0,smartcentres,yfinance,2026-09-11T01:53:23.344381
2021-06-11 00:00:00-04:00,20.7932955639441,20.7932955639441,20.626949358072803,20.633880615234375,298100,0.0,0.0,smartcentres,yfinance,2026-09-11T01:53:23.344381
2021-06-14 00:00:00-04:00,20.69626247351355,20.76557240737348,20.60615744429204,20.626951217651367,297200,0.0,0.0,smartcentres,yfinance,2026-09-11T01:53:23.344381
2021-06-15 00:00:00-04:00,20.67547000037311,20.814092520815027,20.613089998374477,20.710124969482422,277700,0.0,0.0,smartcentres,yfinance,2026-09-11T01:53:23.344381
2021-06-16 00:00:00-04:00,20.696262284044412,20.73091725065712,20.564571031312095,20.599225997924805,292100,0.0,0.0,smartcentres,yfinance,2026-09-11T01:53:23.344381
2021-06-17 00:00:00-04:00,20.550707367753912,20.5922935897663,20.419016122378824,20.453672409057617,335600,0.0,0.0,smartcentres,yfinance,2026-09-11T01:53:23.344381
2021-06-18 00:00:00-04:00,20.432872732457216,20.522977729781807,20.349700312467206,20.50911521911621,656300,0.0,0.0,smartcentres,yfinance,2026-09-11T01:53:23.344381
2021-06-21 00:00:00-04:00,20.557641254598177,20.74478126059407,20.495261252599548,20.710124969482422,325200,0.0,0.0,smartcentres,yfinance,2026-09-11T01:53:23.344381
2021-06-22 00:00:00-04:00,20.654670661896024,20.862604386547176,20.55763571692667,20.8140869140625,318400,0.0,0.0,smartcentres,yfinance,2026-09-11T01:53:23.344381
2021-06-23 00:00:00-04:00,20.82795711490967,21.022028410805262,20.814095918204842,20.911130905151367,284500,0.0,0.0,smartcentres,yfinance,2026-09-11T01:53:23.344381
2021-06-24 00:00:00-04:00,20.897261523800275,20.93884774426297,20.654672814097356,20.682397842407227,402100,0.0,0.0,smartcentres,yfinance,2026-09-11T01:53:23.344381
2021-06-25 00:00:00-04:00,20.696256830639843,20.786360513292166,20.59228931419239,20.64080810546875,345700,0.0,0.0,smartcentres,yfinance,2026-09-11T01:53:23.344381
2021-06-28 00:00:00-04:00,20.6823963319861,20.689327588557386,20.481393857424948,20.57149887084961,247200,0.0,0.0,smartcentres,yfinance,2026-09-11T01:53:23.344381
2021-06-29 00:00:00-04:00,20.567329008272644,20.72060807972218,20.539459361337506,20.54642677307129,452000,0.154,0.0,smartcentres,yfinance,2026-09-11T01:53:23.344381
2021-06-30 00:00:00-04:00,20.476742095488433,20.602152776085177,20.267725180425284,20.46280860900879,614500,0.0,0.0,smartcentres,yfinance,2026-09-11T01:53:23.344381
2021-07-02 00:00:00-04:00,20.532478989046727,20.685759292640235,20.504610688600586,20.595184326171875,469800,0.0,0.0,smartcentres,yfinance,2026-09-11T01:53:23.344381
2021-07-05 00:00:00-04:00,20.532486720820334,20.79027557373047,20.448880459101826,20.79027557373047,277600,0.0,0.0,smartcentres,yfinance,2026-09-11T01:53:23.344381
2021-07-06 00:00:00-04:00,20.7414990651685,21.0201887388749,20.61608837977633,20.992319107055664,835600,0.0,0.0,smartcentres,yfinance,2026-09-11T01:53:23.344381
2021-07-07 00:00:00-04:00,20.92961409293099,20.99928551135477,20.76239896780197,20.85297393798828,560900,0.0,0.0,smartcentres,yfinance,2026-09-11T01:53:23.344381
2021-07-08 00:00:00-04:00,20.657897262008042,21.020194603353218,20.57429100101919,20.999292373657227,530700,0.0,0.0,smartcentres,yfinance,2026-09-11T01:53:23.344381
2021-07-09 00:00:00-04:00,21.02716240686902,21.236179392151392,20.99232535672357,21.208311080932617,403200,0.0,0.0,smartcentres,yfinance,2026-09-11T01:53:23.344381
2021-07-12 00:00:00-04:00,21.2152751816336,21.31978365797272,21.18740554586457,21.26404571533203,193600,0.0,0.0,smartcentres,yfinance,2026-09-11T01:53:23.344381
2021-07-13 00:00:00-04:00,21.34765529482167,21.35462270485076,21.166506620758074,21.208311080932617,429700,0.0,0.0,smartcentres,yfinance,2026-09-11T01:53:23.344381
2021-07-14 00:00:00-04:00,21.145601745711776,21.305848159573266,21.11076470211319,21.22920799255371,199400,0.0,0.0,smartcentres,yfinance,2026-09-11T01:53:23.344381
2021-07-15 00:00:00-04:00,21.208315249279337,21.35462690195402,21.208315249279337,21.2570858001709,195200,0.0,0.0,smartcentres,yfinance,2026-09-11T01:53:23.344381
2021-07-16 00:00:00-04:00,21.30584576105604,21.459124748942347,21.124697141428303,21.145599365234375,304900,0.0,0.0,smartcentres,yfinance,2026-09-11T01:53:23.344381
2021-07-19 00:00:00-04:00,21.041091354151707,21.041091354151707,20.546416011335722,20.581253051757812,591900,0.0,0.0,smartcentres,yfinance,2026-09-11T01:53:23.344381
2021-07-20 00:00:00-04:00,20.553385799297345,21.2152750260879,20.553385799297345,21.06896209716797,670000,0.0,0.0,smartcentres,yfinance,2026-09-11T01:53:23.344381
2021-07-21 00:00:00-04:00,21.075928616849104,21.31978260216236,21.068961208251892,21.180437088012695,387000,0.0,0.0,smartcentres,yfinance,2026-09-11T01:53:23.344381
2021-07-22 00:00:00-04:00,21.15257236597288,21.173473266408028,20.873881290460574,20.95052146911621,213400,0.0,0.0,smartcentres,yfinance,2026-09-11T01:53:23.344381
2021-07-23 00:00:00-04:00,20.950524094234108,21.131672784456175,20.93658927293294,21.048065185546875,231500,0.0,0.0,smartcentres,yfinance,2026-09-11T01:53:23.344381
2021-07-26 00:00:00-04:00,21.055024997060702,21.18043568571283,20.922648229169877,21.02018928527832,265000,0.0,0.0,smartcentres,yfinance,2026-09-11T01:53:23.344381
2021-07-27 00:00:00-04:00,21.180432781718295,21.19436759607957,21.041088624796668,21.096826553344727,234900,0.0,0.0,smartcentres,yfinance,2026-09-11T01:53:23.344381
2021-07-28 00:00:00-04:00,21.08289486990968,21.145600214950466,20.999287300222885,21.061992645263672,263400,0.0,0.0,smartcentres,yfinance,2026-09-11T01:53:23.344381
2021-07-29 00:00:00-04:00,21.21186240485128,21.21186240485128,20.94575048253619,21.001773834228516,225800,0.154,0.0,smartcentres,yfinance,2026-09-11T01:53:23.344381
2021-07-30 00:00:00-04:00,20.945747879898146,21.19085051398483,20.945747879898146,21.120820999145508,273400,0.0,0.0,smartcentres,yfinance,2026-09-11T01:53:23.344381
2021-08-03 00:00:00-04:00,21.12082221817324,21.169842480679495,20.938746003362887,20.98776626586914,243000,0.0,0.0,smartcentres,yfinance,2026-09-11T01:53:23.344381
2021-08-04 00:00:00-04:00,21.071800232068277,21.08580640183926,20.819694518998073,20.882720947265625,287700,0.0,0.0,smartcentres,yfinance,2026-09-11T01:53:23.344381
2021-08-05 00:00:00-04:00,21.00877621415079,21.099813656703223,20.952752864341136,21.057796478271484,163600,0.0,0.0,smartcentres,yfinance,2026-09-11T01:53:23.344381
2021-08-06 00:00:00-04:00,21.113817914091385,21.26788311387828,21.113817914091385,21.120820999145508,221000,0.0,0.0,smartcentres,yfinance,2026-09-11T01:53:23.344381
2021-08-09 00:00:00-04:00,21.218863947773396,21.218863947773396,21.071803151906042,21.1068172454834,178200,0.0,0.0,smartcentres,yfinance,2026-09-11T01:53:23.344381
2021-08-10 00:00:00-04:00,21.071803535674754,21.169844068038543,20.987767839575735,21.0858097076416,162500,0.0,0.0,smartcentres,yfinance,2026-09-11T01:53:23.344381
2021-08-11 00:00:00-04:00,21.148833649409323,21.400938036544147,21.113818223625376,21.33791160583496,228700,0.0,0.0,smartcentres,yfinance,2026-09-11T01:53:23.344381
2021-08-12 00:00:00-04:00,21.39393412223038,21.63903675041098,21.372926203276126,21.386932373046875,315000,0.0,0.0,smartcentres,yfinance,2026-09-11T01:53:23.344381
2021-08-13 00:00:00-04:00,21.428953894312002,21.49198033536574,21.28189175328591,21.309904098510742,199500,0.0,0.0,smartcentres,yfinance,2026-09-11T01:53:23.344381
2021-08-16 00:00:00-04:00,21.288893453027388,21.40094015522474,21.190852922530215,21.23287010192871,217200,0.0,0.0,smartcentres,yfinance,2026-09-11T01:53:23.344381
2021-08-17 00:00:00-04:00,21.246873538889915,21.302896882777684,21.015777078390137,21.092809677124023,340200,0.0,0.0,smartcentres,yfinance,2026-09-11T01:53:23.344381
2021-08-18 00:00:00-04:00,21.169840367516596,21.211858876072238,21.08580602180899,21.155834197998047,174000,0.0,0.0,smartcentres,yfinance,2026-09-11T01:53:23.344381
2021-08-19 00:00:00-04:00,21.078807355729644,21.106818364936753,20.784684412693338,20.90373420715332,733400,0.0,0.0,smartcentres,yfinance,2026-09-11T01:53:23.344381
2021-08-20 00:00:00-04:00,20.959755448112748,21.050792888485134,20.805690238049042,21.00877571105957,333500,0.0,0.0,smartcentres,yfinance,2026-09-11T01:53:23.344381
2021-08-23 00:00:00-04:00,21.00877621415079,21.10681674239218,20.910735685909398,21.057796478271484,202300,0.0,0.0,smartcentres,yfinance,2026-09-11T01:53:23.344381
2021-08-24 00:00:00-04:00,21.1208229137701,21.1208229137701,20.868717171775643,21.057796478271484,263900,0.0,0.0,smartcentres,yfinance,2026-09-11T01:53:23.344381
2021-08-25 00:00:00-04:00,21.078802621133804,21.274883648647368,20.973759022722707,21.19084930419922,330300,0.0,0.0,smartcentres,yfinance,2026-09-11T01:53:23.344381
2021-08-26 00:00:00-04:00,21.13483353093182,21.351923890147173,21.13483353093182,21.316909790039062,241600,0.0,0.0,smartcentres,yfinance,2026-09-11T01:53:23.344381
2021-08-27 00:00:00-04:00,21.358922754370766,21.512986634369234,21.3239086611854,21.463966369628906,220100,0.0,0.0,smartcentres,yfinance,2026-09-11T01:53:23.344381
2021-08-30 00:00:00-04:00,21.473818742299446,21.530124997565725,21.375283131195218,21.523086547851562,197800,0.154,0.0,smartcentres,yfinance,2026-09-11T01:53:23.344381
2021-08-31 00:00:00-04:00,21.516049090451578,21.586432248392228,21.431590374880457,21.473819732666016,272900,0.0,0.0,smartcentres,yfinance,2026-09-11T01:53:23.344381
2021-09-01 00:00:00-04:00,21.509010895400053,21.62866186258349,21.45270463686944,21.565317153930664,208800,0.0,0.0,smartcentres,yfinance,2026-09-11T01:53:23.344381
2021-09-02 00:00:00-04:00,21.63569740930064,21.649774307656017,21.38935705786923,21.614582061767578,212700,0.0,0.0,smartcentres,yfinance,2026-09-11T01:53:23.344381
2021-09-03 00:00:00-04:00,21.65681881803681,21.65681881803681,21.45270776209902,21.551244735717773,119300,0.0,0.0,smartcentres,yfinance,2026-09-11T01:53:23.344381
2021-09-07 00:00:00-04:00,21.537162005351604,21.579391358362273,21.276744753150805,21.3189754486084,321400,0.0,0.0,smartcentres,yfinance,2026-09-11T01:53:23.344381
2021-09-08 00:00:00-04:00,21.311938426214777,21.558277453975354,21.2556321709485,21.523086547851562,176500,0.0,0.0,smartcentres,yfinance,2026-09-11T01:53:23.344381
2021-09-09 00:00:00-04:00,21.47381715983658,21.66385126077378,21.438624913859183,21.48789405822754,201900,0.0,0.0,smartcentres,yfinance,2026-09-11T01:53:23.344381
2021-09-10 00:00:00-04:00,21.537159828989303,21.537159828989303,21.262665706040682,21.283781051635742,277200,0.0,0.0,smartcentres,yfinance,2026-09-11T01:53:23.344381
2021-09-13 00:00:00-04:00,21.375286775823795,21.46678395281474,21.234520442432995,21.389362335205078,502600,0.0,0.0,smartcentres,yfinance,2026-09-11T01:53:23.344381
2021-09-14 00:00:00-04:00,21.410476776369645,21.523089301308765,21.28378735020134,21.3400936126709,347500,0.0,0.0,smartcentres,yfinance,2026-09-11T01:53:23.344381
2021-09-15 00:00:00-04:00,21.361207131629396,21.579393712171676,21.26267017392718,21.54420280456543,350700,0.0,0.0,smartcentres,yfinance,2026-09-11T01:53:23.344381
2021-09-16 00:00:00-04:00,21.114867412490028,21.65681599826458,21.114867412490028,21.558279037475586,468600,0.0,0.0,smartcentres,yfinance,2026-09-11T01:53:23.344381
2021-09-17 00:00:00-04:00,21.53716740764383,21.6779324004706,21.4878995930321,21.656818389892578,515100,0.0,0.0,smartcentres,yfinance,2026-09-11T01:53:23.344381
2021-09-20 00:00:00-04:00,21.579392124562087,21.59346902354777,21.135980546088938,21.26266860961914,556300,0.0,0.0,smartcentres,yfinance,2026-09-11T01:53:23.344381
2021-09-21 00:00:00-04:00,21.361207800791835,21.684968456742066,21.318978441852046,21.558279037475586,345700,0.0,0.0,smartcentres,yfinance,2026-09-11T01:53:23.344381
2021-09-22 00:00:00-04:00,21.614585542608754,21.790542773046585,21.55827928256653,21.621623992919922,389300,0.0,0.0,smartcentres,yfinance,2026-09-11T01:53:23.344381
2021-09-23 00:00:00-04:00,21.586427688598633,21.769423323610546,21.55123678828537,21.586427688598633,274200,0.0,0.0,smartcentres,yfinance,2026-09-11T01:53:23.344381
2021-09-24 00:00:00-04:00,21.544201887561798,21.614583699778567,21.47381873289801,21.49493408203125,198900,0.0,0.0,smartcentres,yfinance,2026-09-11T01:53:23.344381
2021-09-27 00:00:00-04:00,21.593466615022127,21.593466615022127,21.382317181129352,21.438623428344727,386300,0.0,0.0,smartcentres,yfinance,2026-09-11T01:53:23.344381
2021-09-28 00:00:00-04:00,21.490978869067916,21.490978869067916,21.137276112933186,21.158498764038086,452500,0.154,0.0,smartcentres,yfinance,2026-09-11T01:53:23.344381
2021-09-29 00:00:00-04:00,21.222165368083854,21.292906189164587,21.137276112933186,21.158498764038086,273900,0.0,0.0,smartcentres,yfinance,2026-09-11T01:53:23.344381
2021-09-30 00:00:00-04:00,21.151416962211734,21.25045461591793,20.868455128626422,20.981639862060547,579700,0.0,0.0,smartcentres,yfinance,2026-09-11T01:53:23.344381
2021-10-01 00:00:00-04:00,21.017015365983408,21.200940945719445,20.889683517798915,21.165571212768555,422500,0.0,0.0,smartcentres,yfinance,2026-09-11T01:53:23.344381
2021-10-04 00:00:00-04:00,21.052387931699062,21.13020296879699,20.861388122059925,21.11605453491211,316200,0.0,0.0,smartcentres,yfinance,2026-09-11T01:53:23.344381
2021-10-05 00:00:00-04:00,21.002870037075624,21.229239585118822,20.868462611949123,21.158498764038086,502700,0.0,0.0,smartcentres,yfinance,2026-09-11T01:53:23.344381
2021-10-06 00:00:00-04:00,21.130199295392558,21.16556902468695,20.896755573950994,21.15142059326172,460200,0.0,0.0,smartcentres,yfinance,2026-09-11T01:53:23.344381
2021-10-07 00:00:00-04:00,21.158495293478303,21.540494855094746,21.158495293478303,21.356569290161133,513000,0.0,0.0,smartcentres,yfinance,2026-09-11T01:53:23.344381
2021-10-08 00:00:00-04:00,21.34241747715284,21.49097193917808,21.250455383889857,21.406084060668945,464500,0.0,0.0,smartcentres,yfinance,2026-09-11T01:53:23.344381
2021-10-12 00:00:00-04:00,21.43438451128744,21.61123587309433,21.342422396826134,21.547569274902344,524500,0.0,0.0,smartcentres,yfinance,2026-09-11T01:53:23.344381
2021-10-13 00:00:00-04:00,21.632454147250517,21.85174941374501,21.47682546607193,21.823453903198242,385200,0.0,0.0,smartcentres,yfinance,2026-09-11T01:53:23.344381
2021-10-14 00:00:00-04:00,21.880053365970575,21.901274668442394,21.759794371310683,21.795164108276367,300700,0.0,0.0,smartcentres,yfinance,2026-09-11T01:53:23.344381
2021-10-15 00:00:00-04:00,21.83053547244556,21.858830992524556,21.646609869490618,21.80931282043457,369400,0.0,0.0,smartcentres,yfinance,2026-09-11T01:53:23.344381
2021-10-18 00:00:00-04:00,21.752711774279444,21.887119151655526,21.689045192852273,21.88004493713379,293900,0.0,0.0,smartcentres,yfinance,2026-09-11T01:53:23.344381
2021-10-19 00:00:00-04:00,21.89419725276492,22.191307569077644,21.858826173877276,22.092269897460938,491200,0.0,0.0,smartcentres,yfinance,2026-09-11T01:53:23.344381
2021-10-20 00:00:00-04:00,22.134717013567546,22.276197292954286,22.000309601271656,22.240827560424805,171300,0.0,0.0,smartcentres,yfinance,2026-09-11T01:53:23.344381
2021-10-21 00:00:00-04:00,22.177156165865274,22.26204404528356,22.148859306546832,22.163007736206055,165400,0.0,0.0,smartcentres,yfinance,2026-09-11T01:53:23.344381
2021-10-22 00:00:00-04:00,22.212524697321644,22.431819948183307,22.212524697321644,22.226673126220703,359200,0.0,0.0,smartcentres,yfinance,2026-09-11T01:53:23.344381
2021-10-25 00:00:00-04:00,22.311563067614838,22.3327843623772,22.09226646043482,22.290340423583984,209700,0.0,0.0,smartcentres,yfinance,2026-09-11T01:53:23.344381
2021-10-26 00:00:00-04:00,22.32571751062135,22.354014378661333,22.226681171019273,22.276199340820312,185200,0.0,0.0,smartcentres,yfinance,2026-09-11T01:53:23.344381
2021-10-27 00:00:00-04:00,22.339865805130465,22.417680842485534,22.240829466146863,22.26912498474121,307500,0.0,0.0,smartcentres,yfinance,2026-09-11T01:53:23.344381
2021-10-28 00:00:00-04:00,22.31461732346627,22.378596903049015,22.122679940619772,22.27907371520996,396900,0.154,0.0,smartcentres,yfinance,2026-09-11T01:53:23.344381
2021-10-29 00:00:00-04:00,22.250631949478787,22.321720503380597,22.08002023365528,22.172435760498047,270800,0.0,0.0,smartcentres,yfinance,2026-09-11T01:53:23.344381
2021-11-01 00:00:00-04:00,22.18665642788701,22.26485398701293,21.98050107551181,22.243528366088867,299000,0.0,0.0,smartcentres,yfinance,2026-09-11T01:53:23.344381
2021-11-02 00:00:00-04:00,22.28618409686396,22.33594569388451,22.10135433942918,22.21509552001953,254000,0.0,0.0,smartcentres,yfinance,2026-09-11T01:53:23.344381
2021-11-03 00:00:00-04:00,22.385713592603256,22.52078179103991,22.27908137526999,22.492345809936523,320500,0.0,0.0,smartcentres,yfinance,2026-09-11T01:53:23.344381
2021-11-04 00:00:00-04:00,22.534996065630956,22.74115147102717,22.492342101009406,22.64162826538086,184100,0.0,0.0,smartcentres,yfinance,2026-09-11T01:53:23.344381
2021-11-05 00:00:00-04:00,22.71271822914821,22.982854597873686,22.641629639699293,22.975744247436523,386000,0.0,0.0,smartcentres,yfinance,2026-09-11T01:53:23.344381
2021-11-08 00:00:00-05:00,22.98995071718265,23.01127633420049,22.662943911928192,22.80512237548828,472800,0.0,0.0,smartcentres,yfinance,2026-09-11T01:53:23.344381
2021-11-09 00:00:00-05:00,22.862006960028225,22.933094205743263,22.826463337170704,22.897550582885742,423600,0.0,0.0,smartcentres,yfinance,2026-09-11T01:53:23.344381
2021-11-10 00:00:00-05:00,22.933087593732647,22.933087593732647,22.783802793689727,22.85489273071289,221600,0.0,0.0,smartcentres,yfinance,2026-09-11T01:53:23.344381
2021-11-11 00:00:00-05:00,23.103692154878132,23.103692154878132,22.691380164504057,22.86199188232422,240500,0.0,0.0,smartcentres,yfinance,2026-09-11T01:53:23.344381
2021-11-12 00:00:00-05:00,22.897542784511487,23.01128396600069,22.83356320043608,22.933086395263672,190000,0.0,0.0,smartcentres,yfinance,2026-09-11T01:53:23.344381
2021-11-15 00:00:00-05:00,22.97573302753766,23.018386973918755,22.847773900197186,22.86199188232422,217100,0.0,0.0,smartcentres,yfinance,2026-09-11T01:53:23.344381
2021-11-16 00:00:00-05:00,22.940191951051897,22.940191951051897,22.783796842257246,22.847776412963867,168600,0.0,0.0,smartcentres,yfinance,2026-09-11T01:53:23.344381
2021-11-17 00:00:00-05:00,22.8548893615161,22.8548893615161,22.591862056912692,22.75536346435547,195400,0.0,0.0,smartcentres,yfinance,2026-09-11T01:53:23.344381
2021-11-18 00:00:00-05:00,22.77669517624127,22.869108026748233,22.71271558876516,22.734041213989258,251300,0.0,0.0,smartcentres,yfinance,2026-09-11T01:53:23.344381
2021-11-19 00:00:00-05:00,22.684281793942077,22.812240981191465,22.51366999624357,22.620302200317383,455600,0.0,0.0,smartcentres,yfinance,2026-09-11T01:53:23.344381
2021-11-22 00:00:00-05:00,22.691380981961732,22.76246953925645,22.250633011455633,22.3643741607666,461800,0.0,0.0,smartcentres,yfinance,2026-09-11T01:53:23.344381
2021-11-23 00:00:00-05:00,22.357270975007587,22.449685168752453,22.17244123161613,22.286182403564453,422800,0.0,0.0,smartcentres,yfinance,2026-09-11T01:53:23.344381
2021-11-24 00:00:00-05:00,22.250633016693715,22.563421855323245,22.165327832641132,22.549203872680664,244200,0.0,0.0,smartcentres,yfinance,2026-09-11T01:53:23.344381
2021-11-25 00:00:00-05:00,22.5492114452696,22.734041213989258,22.5492114452696,22.734041213989258,89100,0.0,0.0,smartcentres,yfinance,2026-09-11T01:53:23.344381
2021-11-26 00:00:00-05:00,22.250636328839935,22.3928134646268,21.944957791930992,22.051589965820312,382100,0.0,0.0,smartcentres,yfinance,2026-09-11T01:53:23.344381
2021-11-29 00:00:00-05:00,22.411659371457297,22.411659371457297,21.990145756692893,22.147319793701172,244200,0.154,0.0,smartcentres,yfinance,2026-09-11T01:53:23.344381
2021-11-30 00:00:00-05:00,21.9758628569317,21.99729624348663,21.147124320809883,21.304298400878906,681600,0.0,0.0,smartcentres,yfinance,2026-09-11T01:53:23.344381
2021-12-01 00:00:00-05:00,21.6757963436548,21.861548221776182,21.161407470703125,21.161407470703125,442600,0.0,0.0,smartcentres,yfinance,2026-09-11T01:53:23.344381
2021-12-02 00:00:00-05:00,21.22570882549328,21.74724361810714,21.204276803477217,21.6472225189209,319900,0.0,0.0,smartcentres,yfinance,2026-09-11T01:53:23.344381
2021-12-03 00:00:00-05:00,21.71866346726453,21.790106712626127,21.368593063925935,21.632932662963867,303600,0.0,0.0,smartcentres,yfinance,2026-09-11T01:53:23.344381
2021-12-06 00:00:00-05:00,21.654364842213205,22.168755122472472,21.647220381357766,22.118743896484375,364400,0.0,0.0,smartcentres,yfinance,2026-09-11T01:53:23.344381
2021-12-07 00:00:00-05:00,22.268777196781777,22.311642603766902,22.104458667783184,22.154468536376953,272400,0.0,0.0,smartcentres,yfinance,2026-09-11T01:53:23.344381
2021-12-08 00:00:00-05:00,22.1544753884451,22.247350692749023,21.9973012724434,22.247350692749023,140000,0.0,0.0,smartcentres,yfinance,2026-09-11T01:53:23.344381
2021-12-09 00:00:00-05:00,22.183042681516785,22.240197005693748,22.09016741572918,22.118743896484375,165300,0.0,0.0,smartcentres,yfinance,2026-09-11T01:53:23.344381
2021-12-10 00:00:00-05:00,22.183043267508594,22.2330544948178,22.040158134624985,22.090167999267578,248200,0.0,0.0,smartcentres,yfinance,2026-09-11T01:53:23.344381
2021-12-13 00:00:00-05:00,22.01872401571982,22.247341310827462,21.954425231137474,22.183042526245117,383200,0.0,0.0,smartcentres,yfinance,2026-09-11T01:53:23.344381
2021-12-14 00:00:00-05:00,22.025868902471917,22.27591958483146,21.932993635538335,22.01872444152832,256200,0.0,0.0,smartcentres,yfinance,2026-09-11T01:53:23.344381
2021-12-15 00:00:00-05:00,21.932991751576207,22.2401953697637,21.911558370586462,22.21876335144043,304100,0.0,0.0,smartcentres,yfinance,2026-09-11T01:53:23.344381
2021-12-16 00:00:00-05:00,22.254487643931544,22.411663069541344,22.09016911958192,22.21162223815918,350800,0.0,0.0,smartcentres,yfinance,2026-09-11T01:53:23.344381
2021-12-17 00:00:00-05:00,22.20448004523747,22.625993772617903,22.161614635085833,22.597415924072266,2286400,0.0,0.0,smartcentres,yfinance,2026-09-11T01:53:23.344381
2021-12-20 00:00:00-05:00,22.25449018210738,22.475963060301872,21.861554298601003,21.983007431030273,455200,0.0,0.0,smartcentres,yfinance,2026-09-11T01:53:23.344381
2021-12-21 00:00:00-05:00,22.14018107519751,22.590272647596894,22.14018107519751,22.490251541137695,287200,0.0,0.0,smartcentres,yfinance,2026-09-11T01:53:23.344381
2021-12-22 00:00:00-05:00,22.49024741742688,22.618844985961914,22.425948633159358,22.618844985961914,165100,0.0,0.0,smartcentres,yfinance,2026-09-11T01:53:23.344381
2021-12-23 00:00:00-05:00,22.647422790527344,22.78316345693542,22.568835084852573,22.647422790527344,141300,0.0,0.0,smartcentres,yfinance,2026-09-11T01:53:23.344381
2021-12-24 00:00:00-05:00,22.71886982138757,22.7760241577399,22.67600440979004,22.67600440979004,42900,0.0,0.0,smartcentres,yfinance,2026-09-11T01:53:23.344381
2021-12-29 00:00:00-05:00,22.783165431320853,22.997493821977365,22.69743462012492,22.9903507232666,248800,0.0,0.0,smartcentres,yfinance,2026-09-11T01:53:23.344381
2021-12-30 00:00:00-05:00,23.021934380668053,23.17268539996133,23.01475693431805,23.050649642944336,148600,0.154,0.0,smartcentres,yfinance,2026-09-11T01:53:23.344381
2021-12-31 00:00:00-05:00,23.036296386741263,23.136797085356694,22.921438054260967,23.108081817626953,141900,0.0,0.0,smartcentres,yfinance,2026-09-11T01:53:23.344381
2022-01-04 00:00:00-05:00,23.172690549904313,23.251656169494492,22.87836726147586,22.89990234375,305700,0.0,0.0,smartcentres,yfinance,2026-09-11T01:53:23.344381
2022-01-05 00:00:00-05:00,22.907080506492875,22.97168848990829,22.49071870738206,22.519433975219727,375400,0.0,0.0,smartcentres,yfinance,2026-09-11T01:53:23.344381
2022-01-06 00:00:00-05:00,22.56250212808938,22.663002812028413,22.462001444150353,22.605573654174805,238100,0.0,0.0,smartcentres,yfinance,2026-09-11T01:53:23.344381
2022-01-07 00:00:00-05:00,22.684542494179844,22.74197166022205,22.540968894464672,22.706077575683594,183400,0.0,0.0,smartcentres,yfinance,2026-09-11T01:53:23.344381
2022-01-10 00:00:00-05:00,22.69171874172909,22.727611452984128,22.540966342175757,22.655824661254883,269500,0.0,0.0,smartcentres,yfinance,2026-09-11T01:53:23.344381
2022-01-11 00:00:00-05:00,22.65583052367751,22.820940598144407,22.562508628734932,22.79940414428711,297400,0.0,0.0,smartcentres,yfinance,2026-09-11T01:53:23.344381
2022-01-12 00:00:00-05:00,22.899901159764383,22.899901159764383,22.74915011476213,22.77068519592285,180500,0.0,0.0,smartcentres,yfinance,2026-09-11T01:53:23.344381
2022-01-13 00:00:00-05:00,22.813756716744933,22.86400706203952,22.727612289654772,22.84964942932129,316400,0.0,0.0,smartcentres,yfinance,2026-09-11T01:53:23.344381
2022-01-14 00:00:00-05:00,22.756325918732887,22.835290154566568,22.540965551103195,22.634288787841797,393100,0.0,0.0,smartcentres,yfinance,2026-09-11T01:53:23.344381
2022-01-17 00:00:00-05:00,22.935795704844026,22.935795704844026,22.58404052099497,22.69890022277832,149400,0.0,0.0,smartcentres,yfinance,2026-09-11T01:53:23.344381
2022-01-18 00:00:00-05:00,22.584038132474106,22.90707801440732,22.49789507677137,22.871185302734375,281700,0.0,0.0,smartcentres,yfinance,2026-09-11T01:53:23.344381
2022-01-19 00:00:00-05:00,22.89989484620171,22.89989484620171,22.605570284917324,22.612749099731445,326700,0.0,0.0,smartcentres,yfinance,2026-09-11T01:53:23.344381
2022-01-20 00:00:00-05:00,22.684537248092468,22.799395553614435,22.512249789809516,22.533784866333008,215700,0.0,0.0,smartcentres,yfinance,2026-09-11T01:53:23.344381
2022-01-21 00:00:00-05:00,22.418929350395043,22.418929350395043,22.016925231046848,22.1174259185791,360700,0.0,0.0,smartcentres,yfinance,2026-09-11T01:53:23.344381
2022-01-24 00:00:00-05:00,21.85182168493493,21.866177951359354,20.868345550838132,21.63646125793457,754800,0.0,0.0,smartcentres,yfinance,2026-09-11T01:53:23.344381
2022-01-25 00:00:00-05:00,21.58620901674756,21.794390607740358,21.162668386786486,21.5574951171875,584700,0.0,0.0,smartcentres,yfinance,2026-09-11T01:53:23.344381
2022-01-26 00:00:00-05:00,21.80156103382911,22.0958855794402,21.672345112493737,21.765666961669922,471000,0.0,0.0,smartcentres,yfinance,2026-09-11T01:53:23.344381
2022-01-27 00:00:00-05:00,21.86616762527795,22.009741175476996,21.593379522962373,21.765666961669922,532000,0.0,0.0,smartcentres,yfinance,2026-09-11T01:53:23.344381
2022-01-28 00:00:00-05:00,21.71805012452143,22.1148910164665,21.63868139564879,22.107675552368164,406300,0.154,0.0,smartcentres,yfinance,2026-09-11T01:53:23.344381
2022-01-31 00:00:00-05:00,22.021092563503192,22.396288436430023,21.992230707335416,22.179828643798828,1299500,0.0,0.0,smartcentres,yfinance,2026-09-11T01:53:23.344381
2022-02-01 00:00:00-05:00,22.237552783824945,22.3674283946973,22.071601226025454,22.266414642333984,366500,0.0,0.0,smartcentres,yfinance,2026-09-11T01:53:23.344381
2022-02-02 00:00:00-05:00,22.273627739741183,22.48287068685693,22.244765884299557,22.280841827392578,451700,0.0,0.0,smartcentres,yfinance,2026-09-11T01:53:23.344381
2022-02-03 00:00:00-05:00,22.165400263604706,22.28806041399932,22.071601972695504,22.09324836730957,249400,0.0,0.0,smartcentres,yfinance,2026-09-11T01:53:23.344381
2022-02-04 00:00:00-05:00,22.12932439196008,22.165400340232363,21.86957316053015,21.999448776245117,331700,0.0,0.0,smartcentres,yfinance,2026-09-11T01:53:23.344381
2022-02-07 00:00:00-05:00,22.172619615845903,22.316926186154845,21.941730204319157,21.992237091064453,411000,0.0,0.0,smartcentres,yfinance,2026-09-11T01:53:23.344381
2022-02-08 00:00:00-05:00,22.02109509480523,22.15818479873335,21.905650409281964,22.09324836730957,305300,0.0,0.0,smartcentres,yfinance,2026-09-11T01:53:23.344381
2022-02-09 00:00:00-05:00,22.223125559906507,22.309709773660938,22.11489632487051,22.24477195739746,281500,0.0,0.0,smartcentres,yfinance,2026-09-11T01:53:23.344381
2022-02-10 00:00:00-05:00,22.150974013985273,22.454016702736276,22.136543082090128,22.208696365356445,364200,0.0,0.0,smartcentres,yfinance,2026-09-11T01:53:23.344381
2022-02-11 00:00:00-05:00,22.381853933602525,22.504514050306682,22.035519972158603,22.129318237304688,412800,0.0,0.0,smartcentres,yfinance,2026-09-11T01:53:23.344381
2022-02-14 00:00:00-05:00,21.977804424137222,22.324139890301378,21.97059033477967,22.02831268310547,256000,0.0,0.0,smartcentres,yfinance,2026-09-11T01:53:23.344381
2022-02-15 00:00:00-05:00,22.259200155063517,22.468443133604847,22.143755468376742,22.403505325317383,278900,0.0,0.0,smartcentres,yfinance,2026-09-11T01:53:23.344381
2022-02-16 00:00:00-05:00,22.40350674252533,22.69933394289988,22.40350674252533,22.634397506713867,327700,0.0,0.0,smartcentres,yfinance,2026-09-11T01:53:23.344381
2022-02-17 00:00:00-05:00,22.540595614583623,22.8292073211565,22.540595614583623,22.67768669128418,278600,0.0,0.0,smartcentres,yfinance,2026-09-11T01:53:23.344381
2022-02-18 00:00:00-05:00,22.62717981466007,22.872500109299306,22.62717981466007,22.67768669128418,348100,0.0,0.0,smartcentres,yfinance,2026-09-11T01:53:23.344381
2022-02-22 00:00:00-05:00,22.475659299711367,22.930223971904464,22.374645539761463,22.81477928161621,357600,0.0,0.0,smartcentres,yfinance,2026-09-11T01:53:23.344381
2022-02-23 00:00:00-05:00,22.937434908074444,23.146679228037375,22.908573053096525,22.99515724182129,410500,0.0,0.0,smartcentres,yfinance,2026-09-11T01:53:23.344381
2022-02-24 00:00:00-05:00,22.49730708606383,22.95908587576526,22.454015668581658,22.82199478149414,404900,0.0,0.0,smartcentres,yfinance,2026-09-11T01:53:23.344381
2022-02-25 00:00:00-05:00,22.933654258614094,23.18742561340332,22.8031445800684,23.18742561340332,307700,0.154,0.0,smartcentres,yfinance,2026-09-11T01:53:23.344381
2022-02-28 00:00:00-05:00,22.882896276391,23.100415135278247,22.882896276391,23.06416130065918,280100,0.0,0.0,smartcentres,yfinance,2026-09-11T01:53:23.344381
2022-03-01 00:00:00-05:00,23.122168595274502,23.180173354099956,22.853897104310217,23.1439208984375,501700,0.0,0.0,smartcentres,yfinance,2026-09-11T01:53:23.344381
2022-03-02 00:00:00-05:00,23.14392062870737,23.419442884181585,23.07141433528494,23.24542999267578,358500,0.0,0.0,smartcentres,yfinance,2026-09-11T01:53:23.344381
2022-03-03 00:00:00-05:00,23.281680163200004,23.354185066564746,23.09316437197843,23.339683532714844,349300,0.0,0.0,smartcentres,yfinance,2026-09-11T01:53:23.344381
2022-03-04 00:00:00-05:00,23.25267466966498,23.42669029182486,23.194669923259102,23.303428649902344,401500,0.0,0.0,smartcentres,yfinance,2026-09-11T01:53:23.344381
2022-03-07 00:00:00-05:00,23.252678634683647,23.39043906654945,23.122167587280273,23.122167587280273,281400,0.0,0.0,smartcentres,yfinance,2026-09-11T01:53:23.344381
2022-03-08 00:00:00-05:00,23.07141146629084,23.230925568572673,22.86114476274981,22.998905181884766,331600,0.0,0.0,smartcentres,yfinance,2026-09-11T01:53:23.344381
2022-03-09 00:00:00-05:00,23.201925977078595,23.39044040865291,23.180173673615762,23.310686111450195,597800,0.0,0.0,smartcentres,yfinance,2026-09-11T01:53:23.344381
2022-03-10 00:00:00-05:00,23.18016934124878,23.586202582736245,23.100413676009822,23.571701049804688,396000,0.0,0.0,smartcentres,yfinance,2026-09-11T01:53:23.344381
2022-03-11 00:00:00-05:00,23.673210506819604,23.98498653336449,23.673210506819604,23.8762264251709,208900,0.0,0.0,smartcentres,yfinance,2026-09-11T01:53:23.344381
2022-03-14 00:00:00-04:00,23.992245414260584,24.035750027936995,23.455699575793684,23.491954803466797,258900,0.0,0.0,smartcentres,yfinance,2026-09-11T01:53:23.344381
2022-03-15 00:00:00-04:00,23.600706890143687,23.752968854997892,23.361438483356356,23.49919891357422,243700,0.0,0.0,smartcentres,yfinance,2026-09-11T01:53:23.344381
2022-03-16 00:00:00-04:00,23.49195271473089,23.78197514913029,23.433946568319833,23.6732177734375,272600,0.0,0.0,smartcentres,yfinance,2026-09-11T01:53:23.344381
2022-03-17 00:00:00-04:00,23.680469086777123,24.04299923370628,23.67321970082817,24.02849769592285,290500,0.0,0.0,smartcentres,yfinance,2026-09-11T01:53:23.344381
2022-03-18 00:00:00-04:00,24.275016520741268,24.275016520741268,23.999492854895347,24.086502075195312,702900,0.0,0.0,smartcentres,yfinance,2026-09-11T01:53:23.344381
2022-03-21 00:00:00-04:00,24.23876715238317,24.253268690948804,23.876236985899286,23.948741912841797,216900,0.0,0.0,smartcentres,yfinance,2026-09-11T01:53:23.344381
2022-03-22 00:00:00-04:00,23.970489823884567,24.23876130794921,23.970489823884567,24.173505783081055,188800,0.0,0.0,smartcentres,yfinance,2026-09-11T01:53:23.344381
2022-03-23 00:00:00-04:00,24.115499732414317,24.217010478274762,23.963237762451172,23.963237762451172,213700,0.0,0.0,smartcentres,yfinance,2026-09-11T01:53:23.344381
2022-03-24 00:00:00-04:00,23.94874212033489,24.028499200194073,23.694972107951767,23.76747703552246,215400,0.0,0.0,smartcentres,yfinance,2026-09-11T01:53:23.344381
2022-03-25 00:00:00-04:00,23.84722780185026,23.984991000001873,23.77472289347517,23.95598793029785,221100,0.0,0.0,smartcentres,yfinance,2026-09-11T01:53:23.344381
2022-03-28 00:00:00-04:00,23.868974803219785,24.05749195946686,23.796469906745994,23.912479400634766,290900,0.0,0.0,smartcentres,yfinance,2026-09-11T01:53:23.344381
2022-03-29 00:00:00-04:00,24.101008955555578,24.23876943607995,23.963245709145276,24.19526481628418,393600,0.0,0.0,smartcentres,yfinance,2026-09-11T01:53:23.344381
2022-03-30 00:00:00-04:00,24.14718688100182,24.220027958868197,24.05977425311136,24.081628799438477,142900,0.154,0.0,smartcentres,yfinance,2026-09-11T01:53:23.344381
2022-03-31 00:00:00-04:00,24.045200653622903,24.169033795581385,23.906801521983137,23.914087295532227,279500,0.0,0.0,smartcentres,yfinance,2026-09-11T01:53:23.344381
2022-04-01 00:00:00-04:00,23.863098711093958,24.110762252567916,23.81210940361775,24.016069412231445,339700,0.0,0.0,smartcentres,yfinance,2026-09-11T01:53:23.344381
2022-04-04 00:00:00-04:00,24.11075648720261,24.11075648720261,23.717410891972786,23.797534942626953,234500,0.0,0.0,smartcentres,yfinance,2026-09-11T01:53:23.344381
2022-04-05 00:00:00-04:00,23.81939286923808,23.94322323861681,23.731983033282,23.78297233581543,182700,0.0,0.0,smartcentres,yfinance,2026-09-11T01:53:23.344381
2022-04-06 00:00:00-04:00,23.63728758619596,23.644570581447212,23.404192836235474,23.51345443725586,277100,0.0,0.0,smartcentres,yfinance,2026-09-11T01:53:23.344381
2022-04-07 00:00:00-04:00,23.42604548964691,23.520741103758215,23.156530195785653,23.455183029174805,455600,0.0,0.0,smartcentres,yfinance,2026-09-11T01:53:23.344381
2022-04-08 00:00:00-04:00,23.53531462704954,23.841250517757484,23.520745854343076,23.761123657226562,234000,0.0,0.0,smartcentres,yfinance,2026-09-11T01:53:23.344381
2022-04-11 00:00:00-04:00,23.710131747725367,23.826679137915093,23.54259504799694,23.60087013244629,309800,0.0,0.0,smartcentres,yfinance,2026-09-11T01:53:23.344381
2022-04-12 00:00:00-04:00,23.542591105150247,23.702844781838156,23.30949636380884,23.404191970825195,381800,0.0,0.0,smartcentres,yfinance,2026-09-11T01:53:23.344381
2022-04-13 00:00:00-04:00,23.535304145110604,23.76111307471891,23.45517732026584,23.593576431274414,205900,0.0,0.0,smartcentres,yfinance,2026-09-11T01:53:23.344381
2022-04-14 00:00:00-04:00,23.651863710769355,23.782979895735803,23.586305618286133,23.586305618286133,111600,0.0,0.0,smartcentres,yfinance,2026-09-11T01:53:23.344381
2022-04-18 00:00:00-04:00,23.41876466160553,23.7756898283764,23.41876466160553,23.60087013244629,106200,0.0,0.0,smartcentres,yfinance,2026-09-11T01:53:23.344381
2022-04-19 00:00:00-04:00,23.695565928064113,24.008787599220927,23.637293615065502,23.994218826293945,150800,0.0,0.0,smartcentres,yfinance,2026-09-11T01:53:23.344381
2022-04-20 00:00:00-04:00,24.03063731178014,24.074340843056397,23.914089930528863,23.935941696166992,240800,0.0,0.0,smartcentres,yfinance,2026-09-11T01:53:23.344381
2022-04-21 00:00:00-04:00,24.03791558201839,24.03791558201839,23.673704739866597,23.717411041259766,185600,0.0,0.0,smartcentres,yfinance,2026-09-11T01:53:23.344381
2022-04-22 00:00:00-04:00,23.71741619436354,23.71741619436354,23.49160442283215,23.56444549560547,204500,0.0,0.0,smartcentres,yfinance,2026-09-11T01:53:23.344381
2022-04-25 00:00:00-04:00,23.280360580783746,23.506172344159523,23.076403361417697,23.345918655395508,269500,0.0,0.0,smartcentres,yfinance,2026-09-11T01:53:23.344381
2022-04-26 00:00:00-04:00,23.3240638095254,23.498883466261322,22.981704711914062,22.981704711914062,342500,0.0,0.0,smartcentres,yfinance,2026-09-11T01:53:23.344381
2022-04-27 00:00:00-04:00,23.01811989718662,23.21479403750542,22.98169798822734,23.061824798583984,264000,0.0,0.0,smartcentres,yfinance,2026-09-11T01:53:23.344381
2022-04-28 00:00:00-04:00,23.255080425250476,23.55519308777891,23.167241925808835,23.43807601928711,230600,0.154,0.0,smartcentres,yfinance,2026-09-11T01:53:23.344381
2022-04-29 00:00:00-04:00,23.38684062133681,23.474677736444953,22.903732299804688,22.903732299804688,526100,0.0,0.0,smartcentres,yfinance,2026-09-11T01:53:23.344381
2022-05-02 00:00:00-04:00,22.80856733204254,22.903725808610698,21.944828033447266,21.944828033447266,448400,0.0,0.0,smartcentres,yfinance,2026-09-11T01:53:23.344381
2022-05-03 00:00:00-04:00,22.098545035539914,22.288860592530853,21.900909488340243,21.944828033447266,628300,0.0,0.0,smartcentres,yfinance,2026-09-11T01:53:23.344381
2022-05-04 00:00:00-04:00,22.003388016477647,22.310820644881925,21.79843386163844,22.252262115478516,289200,0.0,0.0,smartcentres,yfinance,2026-09-11T01:53:23.344381
2022-05-05 00:00:00-04:00,22.230304835775193,22.288863368593105,21.82771370102467,21.959470748901367,422400,0.0,0.0,smartcentres,yfinance,2026-09-11T01:53:23.344381
2022-05-06 00:00:00-04:00,21.952141910878336,21.959461899048748,21.549552334520435,21.61543083190918,328500,0.0,0.0,smartcentres,yfinance,2026-09-11T01:53:23.344381
2022-05-09 00:00:00-04:00,21.44707528174369,21.47635523631681,20.956647211804537,20.978607177734375,602000,0.0,0.0,smartcentres,yfinance,2026-09-11T01:53:23.344381
2022-05-10 00:00:00-04:00,21.117687884028065,21.26408349420776,20.532101254873307,20.576021194458008,560900,0.0,0.0,smartcentres,yfinance,2026-09-11T01:53:23.344381
2022-05-11 00:00:00-04:00,20.62725274084755,21.110360743475567,20.532094300125298,20.715089797973633,338700,0.0,0.0,smartcentres,yfinance,2026-09-11T01:53:23.344381
2022-05-12 00:00:00-04:00,20.868811731332343,21.16892430786086,20.60529770466528,20.854171752929688,423800,0.0,0.0,smartcentres,yfinance,2026-09-11T01:53:23.344381
2022-05-13 00:00:00-04:00,20.963972287168666,21.491000428202895,20.77365672470024,21.359243392944336,372200,0.0,0.0,smartcentres,yfinance,2026-09-11T01:53:23.344381
2022-05-16 00:00:00-04:00,21.242121207879133,21.549553750512594,21.242121207879133,21.454395294189453,282600,0.0,0.0,smartcentres,yfinance,2026-09-11T01:53:23.344381
2022-05-17 00:00:00-04:00,21.95214325181056,21.95214325181056,21.381196704947204,21.681310653686523,261200,0.0,0.0,smartcentres,yfinance,2026-09-11T01:53:23.344381
2022-05-18 00:00:00-04:00,21.593474553616215,21.73987154972594,21.3299605190768,21.41779899597168,234700,0.0,0.0,smartcentres,yfinance,2026-09-11T01:53:23.344381
2022-05-19 00:00:00-04:00,21.351916601166568,21.490993582543485,21.205519631701925,21.26407814025879,373900,0.0,0.0,smartcentres,yfinance,2026-09-11T01:53:23.344381
2022-05-20 00:00:00-04:00,21.43243903039527,21.43243903039527,20.97128946875533,21.14696502685547,233800,0.0,0.0,smartcentres,yfinance,2026-09-11T01:53:23.344381
2022-05-24 00:00:00-04:00,21.388518771881746,21.388518771881746,20.90541064534044,21.132326126098633,188900,0.0,0.0,smartcentres,yfinance,2026-09-11T01:53:23.344381
2022-05-25 00:00:00-04:00,21.286044532759192,21.286044532759192,21.037170447198037,21.190887451171875,276300,0.0,0.0,smartcentres,yfinance,2026-09-11T01:53:23.344381
2022-05-26 00:00:00-04:00,21.300689022027196,21.322647601424677,21.16893196105957,21.16893196105957,178400,0.0,0.0,smartcentres,yfinance,2026-09-11T01:53:23.344381
2022-05-27 00:00:00-04:00,21.242118745485218,21.608109758759003,21.227478769879486,21.52027130126953,361600,0.0,0.0,smartcentres,yfinance,2026-09-11T01:53:23.344381
2022-05-30 00:00:00-04:00,21.69246599985908,21.714541606546177,21.52322389241615,21.530582427978516,119300,0.154,0.0,smartcentres,yfinance,2026-09-11T01:53:23.344381
2022-05-31 00:00:00-04:00,21.611518444343655,21.663026774359473,21.39076665406579,21.6483097076416,337600,0.0,0.0,smartcentres,yfinance,2026-09-11T01:53:23.344381
2022-06-01 00:00:00-04:00,21.78812703952569,21.78812703952569,21.434924326012155,21.560016632080078,180800,0.0,0.0,smartcentres,yfinance,2026-09-11T01:53:23.344381
2022-06-02 00:00:00-04:00,21.515862270433203,21.766046829676363,21.515862270433203,21.677745819091797,321500,0.0,0.0,smartcentres,yfinance,2026-09-11T01:53:23.344381
2022-06-03 00:00:00-04:00,21.670390988338625,21.824916018892864,21.515864554287287,21.626239776611328,350800,0.0,0.0,smartcentres,yfinance,2026-09-11T01:53:23.344381
2022-06-06 00:00:00-04:00,21.736616048835387,21.736616048835387,21.376054843080002,21.4128475189209,225400,0.0,0.0,smartcentres,yfinance,2026-09-11T01:53:23.344381
2022-06-07 00:00:00-04:00,21.33926579318259,21.36869993692082,21.162665141244883,21.324548721313477,229100,0.0,0.0,smartcentres,yfinance,2026-09-11T01:53:23.344381
2022-06-08 00:00:00-04:00,21.30246957260516,21.383410642104046,21.14058462661359,21.221527099609375,379600,0.0,0.0,smartcentres,yfinance,2026-09-11T01:53:23.344381
2022-06-09 00:00:00-04:00,21.2803927743658,21.33925964137455,21.081716571899975,21.096433639526367,321000,0.0,0.0,smartcentres,yfinance,2026-09-11T01:53:23.344381
2022-06-10 00:00:00-04:00,20.993423432017558,21.096440130103,20.750597355460975,20.97870635986328,646800,0.0,0.0,smartcentres,yfinance,2026-09-11T01:53:23.344381
2022-06-13 00:00:00-04:00,20.691729210778487,20.728520485427346,20.132493134433428,20.21343421936035,598600,0.0,0.0,smartcentres,yfinance,2026-09-11T01:53:23.344381
2022-06-14 00:00:00-04:00,20.161921669640062,20.242864141187432,19.941171260779623,19.992679595947266,523800,0.0,0.0,smartcentres,yfinance,2026-09-11T01:53:23.344381
2022-06-15 00:00:00-04:00,20.05890658092583,20.559275710859676,20.05890658092583,20.345882415771484,499800,0.0,0.0,smartcentres,yfinance,2026-09-11T01:53:23.344381
2022-06-16 00:00:00-04:00,19.889660375141506,20.00003556541821,19.38193281567264,19.426082611083984,672400,0.0,0.0,smartcentres,yfinance,2026-09-11T01:53:23.344381
2022-06-17 00:00:00-04:00,19.411372405642634,19.823441986781596,19.367222594626742,19.5438232421875,618400,0.0,0.0,smartcentres,yfinance,2026-09-11T01:53:23.344381
2022-06-20 00:00:00-04:00,19.61004831369526,20.06626769778278,19.61004831369526,19.911741256713867,296900,0.0,0.0,smartcentres,yfinance,2026-09-11T01:53:23.344381
2022-06-21 00:00:00-04:00,19.87494889926512,20.264942845003453,19.87494889926512,20.110416412353516,465900,0.0,0.0,smartcentres,yfinance,2026-09-11T01:53:23.344381
2022-06-22 00:00:00-04:00,20.000042756175407,20.154567797420935,19.852874847229685,19.89702606201172,541600,0.0,0.0,smartcentres,yfinance,2026-09-11T01:53:23.344381
2022-06-23 00:00:00-04:00,20.07362086771725,20.21342879667416,19.742493870720796,19.867586135864258,422000,0.0,0.0,smartcentres,yfinance,2026-09-11T01:53:23.344381
2022-06-24 00:00:00-04:00,19.93381771300814,20.257586276689484,19.904383569265644,20.13249397277832,330100,0.0,0.0,smartcentres,yfinance,2026-09-11T01:53:23.344381
2022-06-27 00:00:00-04:00,20.19871627187338,20.463616507140983,20.125132327383543,20.27229881286621,566600,0.0,0.0,smartcentres,yfinance,2026-09-11T01:53:23.344381
2022-06-28 00:00:00-04:00,20.448902477600566,20.669652925240097,20.36060145644648,20.37531852722168,515100,0.0,0.0,smartcentres,yfinance,2026-09-11T01:53:23.344381
2022-06-29 00:00:00-04:00,20.378273138510835,20.622457174727703,20.148887065590408,20.289478302001953,262500,0.154,0.0,smartcentres,yfinance,2026-09-11T01:53:23.344381
2022-06-30 00:00:00-04:00,20.13409480668891,20.38567861914114,19.926909133855226,20.34128189086914,310500,0.0,0.0,smartcentres,yfinance,2026-09-11T01:53:23.344381
2022-07-04 00:00:00-04:00,20.43007375485348,20.578063297782897,20.333879211170345,20.348678588867188,223200,0.0,0.0,smartcentres,yfinance,2026-09-11T01:53:23.344381
2022-07-05 00:00:00-04:00,20.22288997139592,20.407877988481992,20.089698373278495,20.378280639648438,395200,0.0,0.0,smartcentres,yfinance,2026-09-11T01:53:23.344381
2022-07-06 00:00:00-04:00,20.378278798905036,20.65206024910803,20.200689076558874,20.400476455688477,651700,0.0,0.0,smartcentres,yfinance,2026-09-11T01:53:23.344381
2022-07-07 00:00:00-04:00,20.430076310748802,20.607664631289005,20.36348051412791,20.578065872192383,458400,0.0,0.0,smartcentres,yfinance,2026-09-11T01:53:23.344381
2022-07-08 00:00:00-04:00,20.570666182418226,20.71865715520832,20.3486811345796,20.578065872192383,197700,0.0,0.0,smartcentres,yfinance,2026-09-11T01:53:23.344381
2022-07-11 00:00:00-04:00,20.48186677651963,20.600258955812546,20.430070374497245,20.592859268188477,177300,0.0,0.0,smartcentres,yfinance,2026-09-11T01:53:23.344381
2022-07-12 00:00:00-04:00,20.496677421909837,20.80745741627331,20.496677421909837,20.7038631439209,275700,0.0,0.0,smartcentres,yfinance,2026-09-11T01:53:23.344381
2022-07-13 00:00:00-04:00,20.53366451561645,20.66685607883044,20.422672016720195,20.570661544799805,212100,0.0,0.0,smartcentres,yfinance,2026-09-11T01:53:23.344381
2022-07-14 00:00:00-04:00,20.319076400209486,20.541062794114623,20.104491105248563,20.11189079284668,403100,0.0,0.0,smartcentres,yfinance,2026-09-11T01:53:23.344381
2022-07-15 00:00:00-04:00,20.28948245453074,20.28948245453074,20.03789867950246,20.1636905670166,392400,0.0,0.0,smartcentres,yfinance,2026-09-11T01:53:23.344381
2022-07-18 00:00:00-04:00,20.3782780864807,20.607662803751086,20.245086505050676,20.467071533203125,284800,0.0,0.0,smartcentres,yfinance,2026-09-11T01:53:23.344381
2022-07-19 00:00:00-04:00,20.629861862393014,21.073833360230147,20.489271993632666,20.99983787536621,378800,0.0,0.0,smartcentres,yfinance,2026-09-11T01:53:23.344381
2022-07-20 00:00:00-04:00,21.02943326263285,21.02943326263285,20.792648878104224,20.94803810119629,172000,0.0,0.0,smartcentres,yfinance,2026-09-11T01:53:23.344381
2022-07-21 00:00:00-04:00,20.96283837960694,20.999835412025806,20.681657263723107,20.844446182250977,180700,0.0,0.0,smartcentres,yfinance,2026-09-11T01:53:23.344381
2022-07-22 00:00:00-04:00,20.940635807566217,21.066427672615742,20.903638781341215,21.014631271362305,168100,0.0,0.0,smartcentres,yfinance,2026-09-11T01:53:23.344381
2022-07-25 00:00:00-04:00,21.214426761901745,21.347618365707458,20.985042006095583,21.33281898498535,253200,0.0,0.0,smartcentres,yfinance,2026-09-11T01:53:23.344381
2022-07-26 00:00:00-04:00,21.347616352036965,21.392013078668825,21.140429275510808,21.258821487426758,152600,0.0,0.0,smartcentres,yfinance,2026-09-11T01:53:23.344381
2022-07-27 00:00:00-04:00,21.258821578514592,21.39941286002211,21.125629986701842,21.147829055786133,157900,0.0,0.0,smartcentres,yfinance,2026-09-11T01:53:23.344381
2022-07-28 00:00:00-04:00,21.17311585135164,21.493019104003906,21.106160709602925,21.493019104003906,219100,0.154,0.0,smartcentres,yfinance,2026-09-11T01:53:23.344381
2022-07-29 00:00:00-04:00,21.43351298137526,21.790615289305542,21.43351298137526,21.738536834716797,285800,0.0,0.0,smartcentres,yfinance,2026-09-11T01:53:23.344381
2022-08-02 00:00:00-04:00,21.731089429497278,21.93939891777277,21.26983463123394,21.3293514251709,204100,0.0,0.0,smartcentres,yfinance,2026-09-11T01:53:23.344381
2022-08-03 00:00:00-04:00,21.64926138010467,21.686458855628373,21.33679776113023,21.589744567871094,288500,0.0,0.0,smartcentres,yfinance,2026-09-11T01:53:23.344381
2022-08-04 00:00:00-04:00,21.701329274120365,21.77572561282918,21.574855924013015,21.63437271118164,133300,0.0,0.0,smartcentres,yfinance,2026-09-11T01:53:23.344381
2022-08-05 00:00:00-04:00,21.52278259882286,21.582299396184933,21.321912875603726,21.574859619140625,142400,0.0,0.0,smartcentres,yfinance,2026-09-11T01:53:23.344381
2022-08-08 00:00:00-04:00,21.612060289860267,21.917084098941807,21.612060289860267,21.879886627197266,179800,0.0,0.0,smartcentres,yfinance,2026-09-11T01:53:23.344381
2022-08-09 00:00:00-04:00,21.946841181867722,22.028677314928544,21.7385316699822,22.013797760009766,283600,0.0,0.0,smartcentres,yfinance,2026-09-11T01:53:23.344381
2022-08-10 00:00:00-04:00,22.013800294912684,22.3337036675412,22.013800294912684,22.177471160888672,256500,0.0,0.0,smartcentres,yfinance,2026-09-11T01:53:23.344381
2022-08-11 00:00:00-04:00,22.385781123031506,22.467617267074136,22.214670475481142,22.393220901489258,206900,0.0,0.0,smartcentres,yfinance,2026-09-11T01:53:23.344381
2022-08-12 00:00:00-04:00,22.43785710458036,22.48993413235809,22.28906438036463,22.482494354248047,252600,0.0,0.0,smartcentres,yfinance,2026-09-11T01:53:23.344381
2022-08-15 00:00:00-04:00,22.43785162749247,22.45273118008046,22.177465133171673,22.385774612426758,235100,0.0,0.0,smartcentres,yfinance,2026-09-11T01:53:23.344381
2022-08-16 00:00:00-04:00,22.460178560990656,22.460178560990656,22.05843901904662,22.132835388183594,256500,0.0,0.0,smartcentres,yfinance,2026-09-11T01:53:23.344381
2022-08-17 00:00:00-04:00,22.132829906342426,22.132829906342426,21.738530240871178,21.84268569946289,303300,0.0,0.0,smartcentres,yfinance,2026-09-11T01:53:23.344381
2022-08-18 00:00:00-04:00,21.842692177164142,22.09563899319887,21.8352523979875,21.87244987487793,202600,0.0,0.0,smartcentres,yfinance,2026-09-11T01:53:23.344381
2022-08-19 00:00:00-04:00,21.835249377305296,21.924523877089236,21.745973458528766,21.879886627197266,238200,0.0,0.0,smartcentres,yfinance,2026-09-11T01:53:23.344381
2022-08-22 00:00:00-04:00,21.790607768287266,21.790607768287266,21.545099395512953,21.582298278808594,183100,0.0,0.0,smartcentres,yfinance,2026-09-11T01:53:23.344381
2022-08-23 00:00:00-04:00,21.58230121538104,21.679015487124417,21.307035117508736,21.321914672851562,192200,0.0,0.0,smartcentres,yfinance,2026-09-11T01:53:23.344381
2022-08-24 00:00:00-04:00,21.35167220153945,21.671574103752924,21.247516740849296,21.30703353881836,215600,0.0,0.0,smartcentres,yfinance,2026-09-11T01:53:23.344381
2022-08-25 00:00:00-04:00,21.381434371573153,21.507907771134356,21.262400750691167,21.44839096069336,182100,0.0,0.0,smartcentres,yfinance,2026-09-11T01:53:23.344381
2022-08-26 00:00:00-04:00,21.47814716596625,21.545102327023972,21.27727742581558,21.321914672851562,203800,0.0,0.0,smartcentres,yfinance,2026-09-11T01:53:23.344381
2022-08-29 00:00:00-04:00,21.31447288124816,21.545100291300784,21.202879064706075,21.455825805664062,220100,0.0,0.0,smartcentres,yfinance,2026-09-11T01:53:23.344381
2022-08-30 00:00:00-04:00,21.53362011906835,21.675730508807494,21.27931536417325,21.294273376464844,223900,0.154,0.0,smartcentres,yfinance,2026-09-11T01:53:23.344381
2022-08-31 00:00:00-04:00,21.23442905153952,21.256868201443268,20.88289092937467,20.9202880859375,449900,0.0,0.0,smartcentres,yfinance,2026-09-11T01:53:23.344381
2022-09-01 00:00:00-04:00,20.90533259273845,20.972648623933047,20.576232154299333,20.688425064086914,224800,0.0,0.0,smartcentres,yfinance,2026-09-11T01:53:23.344381
2022-09-02 00:00:00-04:00,20.838014473571143,20.950207372116974,20.665983840750087,20.78565788269043,163600,0.0,0.0,smartcentres,yfinance,2026-09-11T01:53:23.344381
2022-09-06 00:00:00-04:00,20.81558226699796,20.95769408008787,20.621113845561926,20.748266220092773,149900,0.0,0.0,smartcentres,yfinance,2026-09-11T01:53:23.344381
2022-09-07 00:00:00-04:00,20.718342241361565,20.972646910293406,20.68094365674798,20.94272804260254,173600,0.0,0.0,smartcentres,yfinance,2026-09-11T01:53:23.344381
2022-09-08 00:00:00-04:00,20.875416690208926,20.995089334542794,20.77818320166658,20.815580368041992,257400,0.0,0.0,smartcentres,yfinance,2026-09-11T01:53:23.344381
2022-09-09 00:00:00-04:00,20.942730914458316,21.197035618262706,20.897854033378223,21.152158737182617,186100,0.0,0.0,smartcentres,yfinance,2026-09-11T01:53:23.344381
2022-09-12 00:00:00-04:00,21.271835671745666,21.578497036577463,21.271835671745666,21.56353759765625,245000,0.0,0.0,smartcentres,yfinance,2026-09-11T01:53:23.344381
2022-09-13 00:00:00-04:00,21.39150031104171,21.39150031104171,21.182072524483008,21.271827697753906,367900,0.0,0.0,smartcentres,yfinance,2026-09-11T01:53:23.344381
2022-09-14 00:00:00-04:00,21.279306985410088,21.28678527530599,20.80809483180538,20.830533981323242,203700,0.0,0.0,smartcentres,yfinance,2026-09-11T01:53:23.344381
2022-09-15 00:00:00-04:00,20.793137356652533,21.14467693248267,20.793137356652533,20.965167999267578,216100,0.0,0.0,smartcentres,yfinance,2026-09-11T01:53:23.344381
2022-09-16 00:00:00-04:00,20.897853170675788,21.032485234968522,20.78566025930193,20.927770614624023,488500,0.0,0.0,smartcentres,yfinance,2026-09-11T01:53:23.344381
2022-09-19 00:00:00-04:00,20.830535141982054,20.995084634451427,20.830535141982054,20.94272804260254,243500,0.0,0.0,smartcentres,yfinance,2026-09-11T01:53:23.344381
2022-09-20 00:00:00-04:00,20.838011366549498,20.838011366549498,20.12745407068901,20.306962966918945,478500,0.0,0.0,smartcentres,yfinance,2026-09-11T01:53:23.344381
2022-09-21 00:00:00-04:00,20.277054838120932,20.553797311856208,20.239656242609037,20.269575119018555,195500,0.0,0.0,smartcentres,yfinance,2026-09-11T01:53:23.344381
2022-09-22 00:00:00-04:00,20.38924461868549,20.38924461868549,19.858196057416002,19.88811492919922,312100,0.0,0.0,smartcentres,yfinance,2026-09-11T01:53:23.344381
2022-09-23 00:00:00-04:00,19.82080071010482,19.880637032542605,19.327150693340478,19.484220504760742,430600,0.0,0.0,smartcentres,yfinance,2026-09-11T01:53:23.344381
2022-09-26 00:00:00-04:00,19.39446781253323,19.424385262109983,18.818542285422748,18.9157772064209,534200,0.0,0.0,smartcentres,yfinance,2026-09-11T01:53:23.344381
2022-09-27 00:00:00-04:00,19.06536547011068,19.06536547011068,18.706347550126605,18.833499908447266,296900,0.0,0.0,smartcentres,yfinance,2026-09-11T01:53:23.344381
2022-09-28 00:00:00-04:00,18.90423579632912,19.363294671001285,18.768775282843006,19.26546287536621,265200,0.154,0.0,smartcentres,yfinance,2026-09-11T01:53:23.344381
2022-09-29 00:00:00-04:00,19.107424093427376,19.114949836588853,18.80640154391195,18.91928482055664,396800,0.0,0.0,smartcentres,yfinance,2026-09-11T01:53:23.344381
2022-09-30 00:00:00-04:00,18.97949409395281,19.604116579236493,18.934341059040122,19.52886199951172,566900,0.0,0.0,smartcentres,yfinance,2026-09-11T01:53:23.344381
2022-10-03 00:00:00-04:00,19.814833670336395,20.108330558289623,19.6643216360383,19.897615432739258,397900,0.0,0.0,smartcentres,yfinance,2026-09-11T01:53:23.344381
2022-10-04 00:00:00-04:00,20.130911478614074,20.28142354046041,19.987925163398998,20.115859985351562,466000,0.0,0.0,smartcentres,yfinance,2026-09-11T01:53:23.344381
2022-10-05 00:00:00-04:00,20.055652430352826,20.070703921350866,19.566490456029914,19.762155532836914,490800,0.0,0.0,smartcentres,yfinance,2026-09-11T01:53:23.344381
2022-10-06 00:00:00-04:00,19.64174070715573,19.912660288609686,19.303089436102326,19.35576820373535,351400,0.0,0.0,smartcentres,yfinance,2026-09-11T01:53:23.344381
2022-10-07 00:00:00-04:00,19.265461503430583,19.5062795389728,19.2579357603963,19.348241806030273,212900,0.0,0.0,smartcentres,yfinance,2026-09-11T01:53:23.344381
2022-10-11 00:00:00-04:00,19.265469310973707,19.27299505705788,18.94939515238484,19.009599685668945,646900,0.0,0.0,smartcentres,yfinance,2026-09-11T01:53:23.344381
2022-10-12 00:00:00-04:00,19.01712353073231,19.27299313045941,18.83650994893479,19.152584075927734,439900,0.0,0.0,smartcentres,yfinance,2026-09-11T01:53:23.344381
2022-10-13 00:00:00-04:00,18.90424273847507,19.85246381031249,18.87413975313961,19.671850204467773,608100,0.0,0.0,smartcentres,yfinance,2026-09-11T01:53:23.344381
2022-10-14 00:00:00-04:00,19.762153032592867,19.89761356365885,19.48370622591401,19.513809204101562,390100,0.0,0.0,smartcentres,yfinance,2026-09-11T01:53:23.344381
2022-10-17 00:00:00-04:00,19.7772110841419,20.168539882707417,19.596597461252546,19.95782470703125,568400,0.0,0.0,smartcentres,yfinance,2026-09-11T01:53:23.344381
2022-10-18 00:00:00-04:00,20.093282380909585,20.2287415019697,19.754630989786115,19.87504005432129,220800,0.0,0.0,smartcentres,yfinance,2026-09-11T01:53:23.344381
2022-10-19 00:00:00-04:00,19.724519489639835,19.792249738621113,19.40844690824541,19.57400894165039,224700,0.0,0.0,smartcentres,yfinance,2026-09-11T01:53:23.344381
2022-10-20 00:00:00-04:00,19.649265943916895,19.89008398139639,19.581535691452196,19.65679168701172,369600,0.0,0.0,smartcentres,yfinance,2026-09-11T01:53:23.344381
2022-10-21 00:00:00-04:00,19.634214450878194,19.792250749648215,19.50627968908825,19.77720069885254,223500,0.0,0.0,smartcentres,yfinance,2026-09-11T01:53:23.344381
2022-10-24 00:00:00-04:00,19.784733746621388,19.844938278198242,19.634221699984632,19.844938278198242,176900,0.0,0.0,smartcentres,yfinance,2026-09-11T01:53:23.344381
2022-10-25 00:00:00-04:00,19.724519891682135,20.17605441563134,19.724519891682135,20.153478622436523,329600,0.0,0.0,smartcentres,yfinance,2026-09-11T01:53:23.344381
2022-10-26 00:00:00-04:00,20.161012127034965,20.462034780428162,20.138434889759512,20.424406051635742,289100,0.0,0.0,smartcentres,yfinance,2026-09-11T01:53:23.344381
2022-10-27 00:00:00-04:00,20.499658037040277,20.65769579606919,20.41687628538756,20.53728675842285,211700,0.0,0.0,smartcentres,yfinance,2026-09-11T01:53:23.344381
2022-10-28 00:00:00-04:00,20.585724066040218,20.6462702538536,20.39651704868152,20.570587158203125,158900,0.154,0.0,smartcentres,yfinance,2026-09-11T01:53:23.344381
2022-10-31 00:00:00-04:00,20.510038721423637,20.510038721423637,20.139193181288732,20.207307815551758,314900,0.0,0.0,smartcentres,yfinance,2026-09-11T01:53:23.344381
2022-11-01 00:00:00-04:00,20.16946891358013,20.623566069880848,20.16946891358013,20.32083511352539,266300,0.0,0.0,smartcentres,yfinance,2026-09-11T01:53:23.344381
2022-11-02 00:00:00-04:00,20.343540153206256,20.343540153206256,20.086219908786752,20.154333114624023,240500,0.0,0.0,smartcentres,yfinance,2026-09-11T01:53:23.344381
2022-11-03 00:00:00-04:00,20.05594852979735,20.086222352550603,19.84403610113055,19.957561492919922,218100,0.0,0.0,smartcentres,yfinance,2026-09-11T01:53:23.344381
2022-11-04 00:00:00-04:00,20.305696271537748,20.585723281714856,20.09378390049737,20.517608642578125,291400,0.0,0.0,smartcentres,yfinance,2026-09-11T01:53:23.344381
2022-11-07 00:00:00-05:00,20.6159999263979,21.017119390740177,20.6159999263979,20.865753173828125,278000,0.0,0.0,smartcentres,yfinance,2026-09-11T01:53:23.344381
2022-11-08 00:00:00-05:00,20.933865437159703,21.0171169913104,20.75222686372324,20.903593063354492,254700,0.0,0.0,smartcentres,yfinance,2026-09-11T01:53:23.344381
2022-11-09 00:00:00-05:00,20.858186145342746,21.0549616633739,20.729525285227584,20.790071487426758,225500,0.0,0.0,smartcentres,yfinance,2026-09-11T01:53:23.344381
2022-11-10 00:00:00-05:00,21.085235167166324,21.683128724393566,21.085235167166324,21.577173233032227,319700,0.0,0.0,smartcentres,yfinance,2026-09-11T01:53:23.344381
2022-11-11 00:00:00-05:00,21.78908259216495,21.78908259216495,21.46364626475316,21.63014793395996,149100,0.0,0.0,smartcentres,yfinance,2026-09-11T01:53:23.344381
2022-11-14 00:00:00-05:00,21.569600515141975,21.569600515141975,20.9792740866339,21.03225326538086,262300,0.0,0.0,smartcentres,yfinance,2026-09-11T01:53:23.344381
2022-11-15 00:00:00-05:00,21.40309899361353,21.40309899361353,20.752226371583696,20.827909469604492,346600,0.0,0.0,smartcentres,yfinance,2026-09-11T01:53:23.344381
2022-11-16 00:00:00-05:00,20.69924897650869,20.767363621494315,20.108922534478292,20.33597183227539,527300,0.0,0.0,smartcentres,yfinance,2026-09-11T01:53:23.344381
2022-11-17 00:00:00-05:00,20.23001121410081,20.328399658203125,20.146761119323603,20.328399658203125,168500,0.0,0.0,smartcentres,yfinance,2026-09-11T01:53:23.344381
2022-11-18 00:00:00-05:00,20.419217272037994,20.457059534783152,20.23001028891636,20.366239547729492,161100,0.0,0.0,smartcentres,yfinance,2026-09-11T01:53:23.344381
2022-11-21 00:00:00-05:00,20.31326380109555,20.56301698539038,20.282989987952003,20.555448532104492,181200,0.0,0.0,smartcentres,yfinance,2026-09-11T01:53:23.344381
2022-11-22 00:00:00-05:00,20.578158518951998,20.83548021439138,20.441929216244652,20.797637939453125,249700,0.0,0.0,smartcentres,yfinance,2026-09-11T01:53:23.344381
2022-11-23 00:00:00-05:00,20.782495642747534,20.873315635524023,20.653836271910965,20.69167709350586,158800,0.0,0.0,smartcentres,yfinance,2026-09-11T01:53:23.344381
2022-11-24 00:00:00-05:00,20.76736631341564,20.98684574184712,20.70682011486193,20.774934768676758,132700,0.0,0.0,smartcentres,yfinance,2026-09-11T01:53:23.344381
2022-11-25 00:00:00-05:00,20.774929165044195,21.1155008987205,20.774929165044195,21.039817810058594,295200,0.0,0.0,smartcentres,yfinance,2026-09-11T01:53:23.344381
2022-11-28 00:00:00-05:00,20.86575226739168,20.93386691768959,20.600862121070392,20.631135940551758,188500,0.0,0.0,smartcentres,yfinance,2026-09-11T01:53:23.344381
2022-11-29 00:00:00-05:00,20.65701272841083,21.060411076838154,20.59612254862335,21.01474380493164,256500,0.154,0.0,smartcentres,yfinance,2026-09-11T01:53:23.344381
2022-11-30 00:00:00-05:00,21.029964825047696,21.18980245101107,20.832072833643707,20.931018829345703,309000,0.0,0.0,smartcentres,yfinance,2026-09-11T01:53:23.344381
2022-12-01 00:00:00-05:00,20.86252059711394,21.166971539356958,20.86252059711394,20.969078063964844,159100,0.0,0.0,smartcentres,yfinance,2026-09-11T01:53:23.344381
2022-12-02 00:00:00-05:00,20.86251905687782,20.95385505867588,20.73312723451019,20.748350143432617,193000,0.0,0.0,smartcentres,yfinance,2026-09-11T01:53:23.344381
2022-12-05 00:00:00-05:00,20.862521323396532,20.908188603388638,20.596126195258705,20.61134910583496,229100,0.0,0.0,smartcentres,yfinance,2026-09-11T01:53:23.344381
2022-12-06 00:00:00-05:00,20.641794204711914,20.877743503441145,20.611348384624733,20.641794204711914,147600,0.0,0.0,smartcentres,yfinance,2026-09-11T01:53:23.344381
2022-12-07 00:00:00-05:00,20.62656261081251,20.915790521191727,20.542838092557687,20.771177291870117,220700,0.0,0.0,smartcentres,yfinance,2026-09-11T01:53:23.344381
2022-12-08 00:00:00-05:00,20.80923759350454,20.95385230579537,20.580899796612755,20.618955612182617,196700,0.0,0.0,smartcentres,yfinance,2026-09-11T01:53:23.344381
2022-12-09 00:00:00-05:00,20.626570521581844,20.832075444258148,20.596124702635773,20.63418197631836,214000,0.0,0.0,smartcentres,yfinance,2026-09-11T01:53:23.344381
2022-12-12 00:00:00-05:00,20.6493988657184,20.702679037086664,20.443895440242866,20.687456130981445,195800,0.0,0.0,smartcentres,yfinance,2026-09-11T01:53:23.344381
2022-12-13 00:00:00-05:00,20.75595593460048,21.113685486251477,20.657008505339157,20.87012481689453,204200,0.0,0.0,smartcentres,yfinance,2026-09-11T01:53:23.344381
2022-12-14 00:00:00-05:00,20.801632338134795,21.05280457025001,20.801632338134795,20.824466705322266,140200,0.0,0.0,smartcentres,yfinance,2026-09-11T01:53:23.344381
2022-12-15 00:00:00-05:00,20.70267709351426,20.86251323740491,20.573285307239694,20.71028709411621,163800,0.0,0.0,smartcentres,yfinance,2026-09-11T01:53:23.344381
2022-12-16 00:00:00-05:00,20.550452410520506,20.64178839333119,20.436283520809297,20.5428409576416,394200,0.0,0.0,smartcentres,yfinance,2026-09-11T01:53:23.344381
2022-12-19 00:00:00-05:00,20.550458827303576,20.634183383377948,20.185117685457197,20.268840789794922,563500,0.0,0.0,smartcentres,yfinance,2026-09-11T01:53:23.344381
2022-12-20 00:00:00-05:00,20.116615716268637,20.322120649652415,20.093781350869342,20.200340270996094,152300,0.0,0.0,smartcentres,yfinance,2026-09-11T01:53:23.344381
2022-12-21 00:00:00-05:00,20.35256318089546,20.68745991783215,20.34495172644957,20.5656795501709,275800,0.0,0.0,smartcentres,yfinance,2026-09-11T01:53:23.344381
2022-12-22 00:00:00-05:00,20.481952221076313,20.48956367448839,20.048109538741983,20.25361442565918,183800,0.0,0.0,smartcentres,yfinance,2026-09-11T01:53:23.344381
2022-12-23 00:00:00-05:00,20.207945357705384,20.436284600932456,20.139443729910887,20.413450241088867,108500,0.0,0.0,smartcentres,yfinance,2026-09-11T01:53:23.344381
2022-12-28 00:00:00-05:00,20.542839546345935,20.60372971345783,20.002439494694876,20.086162567138672,291700,0.0,0.0,smartcentres,yfinance,2026-09-11T01:53:23.344381
2022-12-29 00:00:00-05:00,20.10454318291072,20.548588628858905,20.10454318291072,20.464372634887695,186000,0.154,0.0,smartcentres,yfinance,2026-09-11T01:53:23.344381
2022-12-30 00:00:00-05:00,20.441401721803004,20.571553023412147,20.349529613502234,20.502649307250977,94100,0.0,0.0,smartcentres,yfinance,2026-09-11T01:53:23.344381
2023-01-03 00:00:00-05:00,20.59452534951302,20.778268153983753,20.45671788109547,20.701709747314453,242400,0.0,0.0,smartcentres,yfinance,2026-09-11T01:53:23.344381
2023-01-04 00:00:00-05:00,20.862482390899313,21.14575343651857,20.808890926655696,21.015602111816406,212900,0.0,0.0,smartcentres,yfinance,2026-09-11T01:53:23.344381
2023-01-05 00:00:00-05:00,20.99263209566756,21.03091129281401,20.67108187476097,20.824201583862305,216300,0.0,0.0,smartcentres,yfinance,2026-09-11T01:53:23.344381
2023-01-06 00:00:00-05:00,20.908419655878905,21.015604054532318,20.778268319145344,21.00794792175293,158700,0.0,0.0,smartcentres,yfinance,2026-09-11T01:53:23.344381
2023-01-09 00:00:00-05:00,20.969664307115575,21.0538802955804,20.801233790443746,20.916072845458984,257500,0.0,0.0,smartcentres,yfinance,2026-09-11T01:53:23.344381
2023-01-10 00:00:00-05:00,20.962011125076604,21.02325872705369,20.87014045223998,21.00794792175293,193900,0.0,0.0,smartcentres,yfinance,2026-09-11T01:53:23.344381
2023-01-11 00:00:00-05:00,21.053875543063583,21.53620004935502,21.053875543063583,21.528545379638672,172300,0.0,0.0,smartcentres,yfinance,2026-09-11T01:53:23.344381
2023-01-12 00:00:00-05:00,21.589798993619414,21.865412448425108,21.536206068823134,21.81182098388672,187200,0.0,0.0,smartcentres,yfinance,2026-09-11T01:53:23.344381
2023-01-13 00:00:00-05:00,21.796508120808387,21.811820384615196,21.543861609027434,21.71994972229004,228100,0.0,0.0,smartcentres,yfinance,2026-09-11T01:53:23.344381
2023-01-16 00:00:00-05:00,21.735261053895904,21.888380775168333,21.635734257249347,21.827133178710938,77300,0.0,0.0,smartcentres,yfinance,2026-09-11T01:53:23.344381
2023-01-17 00:00:00-05:00,21.81947929250792,21.972599029541016,21.75057555686883,21.972599029541016,206500,0.0,0.0,smartcentres,yfinance,2026-09-11T01:53:23.344381
2023-01-18 00:00:00-05:00,22.010874737295257,22.010874737295257,21.75057210184227,21.773540496826172,218000,0.0,0.0,smartcentres,yfinance,2026-09-11T01:53:23.344381
2023-01-19 00:00:00-05:00,21.551523556472052,21.758234792870137,21.337157646362847,21.360124588012695,247800,0.0,0.0,smartcentres,yfinance,2026-09-11T01:53:23.344381
2023-01-20 00:00:00-05:00,21.406052509386754,21.7658833798904,21.28355732886654,21.66635513305664,175900,0.0,0.0,smartcentres,yfinance,2026-09-11T01:53:23.344381
2023-01-23 00:00:00-05:00,21.73525584158752,22.003214559426432,21.589793747545496,21.949623107910156,208600,0.0,0.0,smartcentres,yfinance,2026-09-11T01:53:23.344381
2023-01-24 00:00:00-05:00,22.00321530624682,22.08743128163511,21.719945778544066,21.880720138549805,223300,0.0,0.0,smartcentres,yfinance,2026-09-11T01:53:23.344381
2023-01-25 00:00:00-05:00,21.742913519035465,21.896033214484206,21.536202368256962,21.796504974365234,337800,0.0,0.0,smartcentres,yfinance,2026-09-11T01:53:23.344381
2023-01-26 00:00:00-05:00,21.93431488094006,21.995562473972658,21.75057210184227,21.773540496826172,220100,0.0,0.0,smartcentres,yfinance,2026-09-11T01:53:23.344381
2023-01-27 00:00:00-05:00,21.750569785582666,21.95728093765129,21.589795418589947,21.635730743408203,323900,0.0,0.0,smartcentres,yfinance,2026-09-11T01:53:23.344381
2023-01-30 00:00:00-05:00,21.523346476086974,21.76968072437006,21.523346476086974,21.68500328063965,209300,0.154,0.0,smartcentres,yfinance,2026-09-11T01:53:23.344381
2023-01-31 00:00:00-05:00,21.669607043471753,21.761982569806143,21.56183681963095,21.708097457885742,1560700,0.0,0.0,smartcentres,yfinance,2026-09-11T01:53:23.344381
2023-02-01 00:00:00-05:00,21.723489623930337,21.846655999184023,21.561834307007,21.769678115844727,602800,0.0,0.0,smartcentres,yfinance,2026-09-11T01:53:23.344381
2023-02-02 00:00:00-05:00,21.885146409112682,22.0160108663521,21.74658386988753,21.769678115844727,400200,0.0,0.0,smartcentres,yfinance,2026-09-11T01:53:23.344381
2023-02-03 00:00:00-05:00,21.631111251842523,21.761975682917797,21.477152579427358,21.592620849609375,362100,0.0,0.0,smartcentres,yfinance,2026-09-11T01:53:23.344381
2023-02-06 00:00:00-05:00,21.40017624210422,21.438666649731168,21.02297905691364,21.307802200317383,281800,0.0,0.0,smartcentres,yfinance,2026-09-11T01:53:23.344381
2023-02-07 00:00:00-05:00,21.207727347842145,21.546435573526818,20.79204124799813,21.030675888061523,787800,0.0,0.0,smartcentres,yfinance,2026-09-11T01:53:23.344381
2023-02-08 00:00:00-05:00,21.300105344792783,21.300105344792783,20.91521005592284,20.992189407348633,318700,0.0,0.0,smartcentres,yfinance,2026-09-11T01:53:23.344381
2023-02-09 00:00:00-05:00,21.523342557578935,21.523342557578935,21.030677087225094,21.1230525970459,287400,0.0,0.0,smartcentres,yfinance,2026-09-11T01:53:23.344381
2023-02-10 00:00:00-05:00,21.130754590073227,21.49255567830508,21.053775229016036,21.09226417541504,505600,0.0,0.0,smartcentres,yfinance,2026-09-11T01:53:23.344381
2023-02-13 00:00:00-05:00,21.161539056236375,21.28470540939002,21.092257799055105,21.16923713684082,332600,0.0,0.0,smartcentres,yfinance,2026-09-11T01:53:23.344381
2023-02-14 00:00:00-05:00,21.138444205813467,21.261612023679664,21.015277856205977,21.230819702148438,370800,0.0,0.0,smartcentres,yfinance,2026-09-11T01:53:23.344381
2023-02-15 00:00:00-05:00,21.04607459897446,21.292407349937598,21.015282270974563,21.161542892456055,381600,0.0,0.0,smartcentres,yfinance,2026-09-11T01:53:23.344381
2023-02-16 00:00:00-05:00,21.01527846126939,21.3385905053624,20.94599720408812,21.16923713684082,274600,0.0,0.0,smartcentres,yfinance,2026-09-11T01:53:23.344381
2023-02-17 00:00:00-05:00,21.030674673690825,21.40787181467474,21.030674673690825,21.361684799194336,515100,0.0,0.0,smartcentres,yfinance,2026-09-11T01:53:23.344381
2023-02-21 00:00:00-05:00,21.36169054528535,21.407877573189623,20.9306081922408,20.969097137451172,410500,0.0,0.0,smartcentres,yfinance,2026-09-11T01:53:23.344381
2023-02-22 00:00:00-05:00,20.922904515745365,21.25391464179091,20.915206435109567,21.138444900512695,250600,0.0,0.0,smartcentres,yfinance,2026-09-11T01:53:23.344381
2023-02-23 00:00:00-05:00,21.20772789352448,21.284707237923364,21.09995769232137,21.200031280517578,142200,0.0,0.0,smartcentres,yfinance,2026-09-11T01:53:23.344381
2023-02-24 00:00:00-05:00,21.169243411969806,21.34629491357862,21.10766021713808,21.32320213317871,190100,0.0,0.0,smartcentres,yfinance,2026-09-11T01:53:23.344381
2023-02-27 00:00:00-05:00,21.28758957111126,21.581744704630026,21.28758957111126,21.419185638427734,194300,0.154,0.0,smartcentres,yfinance,2026-09-11T01:53:23.344381
2023-02-28 00:00:00-05:00,21.403706114417634,21.589488560689283,21.29533338987608,21.426929473876953,392900,0.0,0.0,smartcentres,yfinance,2026-09-11T01:53:23.344381
2023-03-01 00:00:00-05:00,21.426930847651207,21.535303579141008,21.241148389468233,21.326297760009766,241800,0.0,0.0,smartcentres,yfinance,2026-09-11T01:53:23.344381
2023-03-02 00:00:00-05:00,21.210175229921262,21.450143955664355,21.2024341127725,21.334030151367188,146500,0.0,0.0,smartcentres,yfinance,2026-09-11T01:53:23.344381
2023-03-03 00:00:00-05:00,21.465628439298122,21.558520378350075,21.395959854125977,21.395959854125977,170400,0.0,0.0,smartcentres,yfinance,2026-09-11T01:53:23.344381
2023-03-06 00:00:00-05:00,21.55078504434242,21.597230288100057,21.403706716564272,21.47337532043457,151300,0.0,0.0,smartcentres,yfinance,2026-09-11T01:53:23.344381
2023-03-07 00:00:00-05:00,21.46562434703541,21.46562434703541,21.001167693255443,21.140504837036133,287200,0.0,0.0,smartcentres,yfinance,2026-09-11T01:53:23.344381
2023-03-08 00:00:00-05:00,21.140510468649058,21.372739595635974,21.032137761935598,21.11728858947754,174600,0.0,0.0,smartcentres,yfinance,2026-09-11T01:53:23.344381
2023-03-09 00:00:00-05:00,21.08632613766206,21.125031734105793,20.83087510700356,20.846357345581055,215000,0.0,0.0,smartcentres,yfinance,2026-09-11T01:53:23.344381
2023-03-10 00:00:00-05:00,20.885058695905105,21.00117251690291,20.39738005712738,20.46704864501953,312500,0.0,0.0,smartcentres,yfinance,2026-09-11T01:53:23.344381
2023-03-13 00:00:00-04:00,20.366417828866364,20.75346492583096,20.19611763773024,20.606388092041016,327900,0.0,0.0,smartcentres,yfinance,2026-09-11T01:53:23.344381
2023-03-14 00:00:00-04:00,20.87732546224346,20.87732546224346,20.544466110065596,20.645097732543945,253500,0.0,0.0,smartcentres,yfinance,2026-09-11T01:53:23.344381
2023-03-15 00:00:00-04:00,20.436090762024726,20.645096593099574,20.250308293225242,20.420608520507812,337700,0.0,0.0,smartcentres,yfinance,2026-09-11T01:53:23.344381
2023-03-16 00:00:00-04:00,20.319971441008732,20.53671833457443,20.049038193168467,20.459308624267578,356300,0.0,0.0,smartcentres,yfinance,2026-09-11T01:53:23.344381
2023-03-17 00:00:00-04:00,20.490273158052045,20.490273158052045,20.14967276952516,20.242563247680664,536900,0.0,0.0,smartcentres,yfinance,2026-09-11T01:53:23.344381
2023-03-20 00:00:00-04:00,20.28126530949021,20.374155771457406,20.141928140072142,20.22707748413086,306000,0.0,0.0,smartcentres,yfinance,2026-09-11T01:53:23.344381
2023-03-21 00:00:00-04:00,20.350935722414246,20.49027142788219,20.15741218671902,20.203857421875,231000,0.0,0.0,smartcentres,yfinance,2026-09-11T01:53:23.344381
2023-03-22 00:00:00-04:00,20.12644685907874,20.13418797735447,19.80132727383493,19.82455062866211,358800,0.0,0.0,smartcentres,yfinance,2026-09-11T01:53:23.344381
2023-03-23 00:00:00-04:00,19.80907188933599,19.963891329248693,19.669734688708076,19.76262664794922,243700,0.0,0.0,smartcentres,yfinance,2026-09-11T01:53:23.344381
2023-03-24 00:00:00-04:00,19.661993217062786,20.033558094440135,19.661993217062786,19.994853973388672,205100,0.0,0.0,smartcentres,yfinance,2026-09-11T01:53:23.344381
2023-03-27 00:00:00-04:00,20.219339783510126,20.358675489835523,20.14967119211372,20.304489135742188,359000,0.0,0.0,smartcentres,yfinance,2026-09-11T01:53:23.344381
2023-03-28 00:00:00-04:00,20.20385608919441,20.319969907659,20.126446384728915,20.17289161682129,189600,0.0,0.0,smartcentres,yfinance,2026-09-11T01:53:23.344381
2023-03-29 00:00:00-04:00,20.343194728999865,20.428344081231927,20.25804390030039,20.304489135742188,354600,0.0,0.0,smartcentres,yfinance,2026-09-11T01:53:23.344381
2023-03-30 00:00:00-04:00,20.525630188226295,20.642429756778593,20.40104378374556,20.55677604675293,191200,0.154,0.0,smartcentres,yfinance,2026-09-11T01:53:23.344381
2023-03-31 00:00:00-04:00,20.634643488755327,20.743656224379436,20.502270244703,20.689149856567383,407800,0.0,0.0,smartcentres,yfinance,2026-09-11T01:53:23.344381
2023-04-03 00:00:00-04:00,20.720297372222685,20.77480374048479,20.533417758815265,20.67357635498047,185000,0.0,0.0,smartcentres,yfinance,2026-09-11T01:53:23.344381
2023-04-04 00:00:00-04:00,20.712511543860845,20.712511543860845,20.408830857758307,20.572351455688477,150300,0.0,0.0,smartcentres,yfinance,2026-09-11T01:53:23.344381
2023-04-05 00:00:00-04:00,20.401046437588974,20.5489918839132,20.38547276370623,20.525632858276367,276300,0.0,0.0,smartcentres,yfinance,2026-09-11T01:53:23.344381
2023-04-06 00:00:00-04:00,20.572346716273074,20.580133551065092,20.346532962865165,20.471120834350586,490000,0.0,0.0,smartcentres,yfinance,2026-09-11T01:53:23.344381
2023-04-10 00:00:00-04:00,20.369902283207974,20.564568781698256,20.253102681151308,20.541208267211914,196400,0.0,0.0,smartcentres,yfinance,2026-09-11T01:53:23.344381
2023-04-11 00:00:00-04:00,20.556772543928858,20.673572092578798,20.502266186904674,20.665786743164062,231200,0.0,0.0,smartcentres,yfinance,2026-09-11T01:53:23.344381
2023-04-12 00:00:00-04:00,20.774810706357204,20.96947722124408,20.720304319818904,20.829317092895508,261800,0.0,0.0,smartcentres,yfinance,2026-09-11T01:53:23.344381
2023-04-13 00:00:00-04:00,20.977256311494102,20.977256311494102,20.720296666166554,20.88381576538086,220600,0.0,0.0,smartcentres,yfinance,2026-09-11T01:53:23.344381
2023-04-14 00:00:00-04:00,20.891606042790443,20.946112418174028,20.704726404966426,20.735872268676758,166500,0.0,0.0,smartcentres,yfinance,2026-09-11T01:53:23.344381
2023-04-17 00:00:00-04:00,20.65022108533914,20.946113489058025,20.587927869546352,20.907180786132812,212800,0.0,0.0,smartcentres,yfinance,2026-09-11T01:53:23.344381
2023-04-18 00:00:00-04:00,20.98504351623336,21.047336719674586,20.619069646477445,20.704723358154297,263500,0.0,0.0,smartcentres,yfinance,2026-09-11T01:53:23.344381
2023-04-19 00:00:00-04:00,20.634648744688597,20.642435582814755,20.432195408971037,20.502275466918945,284600,0.0,0.0,smartcentres,yfinance,2026-09-11T01:53:23.344381
2023-04-20 00:00:00-04:00,20.39326046225231,20.59571377571969,20.39326046225231,20.53342056274414,155800,0.0,0.0,smartcentres,yfinance,2026-09-11T01:53:23.344381
2023-04-21 00:00:00-04:00,20.587923852635654,20.673576079396994,20.40882959263549,20.650217056274414,277700,0.0,0.0,smartcentres,yfinance,2026-09-11T01:53:23.344381
2023-04-24 00:00:00-04:00,20.634640609401842,20.712507474776594,20.580134249195595,20.642427444458008,155600,0.0,0.0,smartcentres,yfinance,2026-09-11T01:53:23.344381
2023-04-25 00:00:00-04:00,20.64243022017118,20.72808393211964,20.572350180429183,20.650217056274414,155100,0.0,0.0,smartcentres,yfinance,2026-09-11T01:53:23.344381
2023-04-26 00:00:00-04:00,20.673578799128848,20.759232522345567,20.36211273995985,20.385473251342773,509500,0.0,0.0,smartcentres,yfinance,2026-09-11T01:53:23.344381
2023-04-27 00:00:00-04:00,20.498263493332743,20.600088370808376,20.365106964956702,20.545259475708008,206500,0.154,0.0,smartcentres,yfinance,2026-09-11T01:53:23.344381
2023-04-28 00:00:00-04:00,20.45910180802391,20.694083229775323,20.45910180802391,20.5060977935791,331800,0.0,0.0,smartcentres,yfinance,2026-09-11T01:53:23.344381
2023-05-01 00:00:00-04:00,20.451259041683485,20.600079839904726,20.39643016928885,20.44342613220215,169500,0.0,0.0,smartcentres,yfinance,2026-09-11T01:53:23.344381
2023-05-02 00:00:00-04:00,20.396432258963685,20.44342822669186,20.130119285212555,20.161449432373047,238600,0.0,0.0,smartcentres,yfinance,2026-09-11T01:53:23.344381
2023-05-03 00:00:00-04:00,20.169285261801637,20.27894303369668,20.036128755654037,20.090957641601562,174100,0.0,0.0,smartcentres,yfinance,2026-09-11T01:53:23.344381
2023-05-04 00:00:00-04:00,20.012634582180056,20.122293873040995,19.90297678529455,19.926475524902344,182600,0.0,0.0,smartcentres,yfinance,2026-09-11T01:53:23.344381
2023-05-05 00:00:00-04:00,19.97347167572521,20.271114910014273,19.97347167572521,20.130126953125,385000,0.0,0.0,smartcentres,yfinance,2026-09-11T01:53:23.344381
2023-05-08 00:00:00-04:00,20.153616522089205,20.31810465010014,20.05179167634901,20.161449432373047,219300,0.0,0.0,smartcentres,yfinance,2026-09-11T01:53:23.344381
2023-05-09 00:00:00-04:00,20.059628626079636,20.333773071344734,19.848144487753547,20.106624603271484,273300,0.0,0.0,smartcentres,yfinance,2026-09-11T01:53:23.344381
2023-05-10 00:00:00-04:00,20.16145406262766,20.224115865314353,19.97346865456758,20.114458084106445,163800,0.0,0.0,smartcentres,yfinance,2026-09-11T01:53:23.344381
2023-05-11 00:00:00-04:00,20.474766180029015,20.474766180029015,19.926475696893593,20.278947830200195,275800,0.0,0.0,smartcentres,yfinance,2026-09-11T01:53:23.344381
2023-05-12 00:00:00-04:00,20.255450691577817,20.380774316613564,20.145791399189942,20.365108489990234,160700,0.0,0.0,smartcentres,yfinance,2026-09-11T01:53:23.344381
2023-05-15 00:00:00-04:00,20.31811159285691,20.537427179845746,20.27894702805505,20.52176284790039,255800,0.0,0.0,smartcentres,yfinance,2026-09-11T01:53:23.344381
2023-05-16 00:00:00-04:00,20.427765117141284,20.45909676243475,20.122289045405367,20.14578628540039,262300,0.0,0.0,smartcentres,yfinance,2026-09-11T01:53:23.344381
2023-05-17 00:00:00-04:00,20.263280868530273,20.286778111316742,19.95780326652889,20.263280868530273,162800,0.0,0.0,smartcentres,yfinance,2026-09-11T01:53:23.344381
2023-05-18 00:00:00-04:00,20.278948288234652,20.278948288234652,20.00480378746265,20.051799774169922,257200,0.0,0.0,smartcentres,yfinance,2026-09-11T01:53:23.344381
2023-05-19 00:00:00-04:00,20.07529429263687,20.153621922489222,19.918640526907435,20.098793029785156,164400,0.0,0.0,smartcentres,yfinance,2026-09-11T01:53:23.344381
2023-05-23 00:00:00-04:00,20.004799737026616,20.224115293238693,19.989133913304272,20.106624603271484,119100,0.0,0.0,smartcentres,yfinance,2026-09-11T01:53:23.344381
2023-05-24 00:00:00-04:00,20.059628302107026,20.145787343238045,19.973467767000855,20.043962478637695,276100,0.0,0.0,smartcentres,yfinance,2026-09-11T01:53:23.344381
2023-05-25 00:00:00-04:00,20.028302272301328,20.122295745503553,19.926477379143194,19.957807540893555,173900,0.0,0.0,smartcentres,yfinance,2026-09-11T01:53:23.344381
2023-05-26 00:00:00-04:00,19.9343100343453,20.0831309151852,19.910811292855843,20.012636184692383,131200,0.0,0.0,smartcentres,yfinance,2026-09-11T01:53:23.344381
2023-05-29 00:00:00-04:00,20.043964253814906,20.208450932885054,20.043964253814906,20.184953689575195,64300,0.0,0.0,smartcentres,yfinance,2026-09-11T01:53:23.344381
2023-05-30 00:00:00-04:00,20.31418415132007,20.32206415464242,20.022630040220925,20.085668563842773,154200,0.154,0.0,smartcentres,yfinance,2026-09-11T01:53:23.344381
2023-05-31 00:00:00-04:00,20.054150612420653,20.08566912363152,19.928073561663183,19.967472076416016,203600,0.0,0.0,smartcentres,yfinance,2026-09-11T01:53:23.344381
2023-06-01 00:00:00-04:00,19.935947518935784,19.951707522428084,19.762591989390454,19.786231994628906,171400,0.0,0.0,smartcentres,yfinance,2026-09-11T01:53:23.344381
2023-06-02 00:00:00-04:00,19.84927644917883,20.172349102726457,19.84927644917883,20.14082908630371,191400,0.0,0.0,smartcentres,yfinance,2026-09-11T01:53:23.344381
2023-06-05 00:00:00-04:00,19.857146202342918,20.20385718626637,19.857146202342918,20.09354019165039,107300,0.0,0.0,smartcentres,yfinance,2026-09-11T01:53:23.344381
2023-06-06 00:00:00-04:00,20.132950568600286,20.140830573287747,20.046273522952635,20.109312057495117,143400,0.0,0.0,smartcentres,yfinance,2026-09-11T01:53:23.344381
2023-06-07 00:00:00-04:00,20.069908557198072,20.172347097431672,20.054150053510327,20.085668563842773,170900,0.0,0.0,smartcentres,yfinance,2026-09-11T01:53:23.344381
2023-06-08 00:00:00-04:00,20.16446539765878,20.16446539765878,19.809872792769912,19.99110984802246,337200,0.0,0.0,smartcentres,yfinance,2026-09-11T01:53:23.344381
2023-06-09 00:00:00-04:00,19.95171188189268,20.022630410147126,19.841394839255535,19.857154846191406,93100,0.0,0.0,smartcentres,yfinance,2026-09-11T01:53:23.344381
2023-06-12 00:00:00-04:00,19.833512743796593,19.841392746433367,19.73895421511214,19.76259422302246,119000,0.0,0.0,smartcentres,yfinance,2026-09-11T01:53:23.344381
2023-06-13 00:00:00-04:00,19.857155834425942,19.975352886413358,19.699558763138015,19.770477294921875,251200,0.0,0.0,smartcentres,yfinance,2026-09-11T01:53:23.344381
2023-06-14 00:00:00-04:00,19.794116973876953,19.872914005239732,19.699558432101767,19.794116973876953,139000,0.0,0.0,smartcentres,yfinance,2026-09-11T01:53:23.344381
2023-06-15 00:00:00-04:00,19.778360291375268,19.786240296427668,19.620763196241885,19.73896026611328,179200,0.0,0.0,smartcentres,yfinance,2026-09-11T01:53:23.344381
2023-06-16 00:00:00-04:00,19.77046762447536,19.817746121553302,19.526193636123615,19.54195213317871,484900,0.0,0.0,smartcentres,yfinance,2026-09-11T01:53:23.344381
2023-06-19 00:00:00-04:00,19.58135958350873,19.58135958350873,19.297685487196315,19.431642532348633,242400,0.0,0.0,smartcentres,yfinance,2026-09-11T01:53:23.344381
2023-06-20 00:00:00-04:00,19.408002523336968,19.486801050418958,19.250406972129877,19.431642532348633,264400,0.0,0.0,smartcentres,yfinance,2026-09-11T01:53:23.344381
2023-06-21 00:00:00-04:00,19.32132548825421,19.43164252434945,18.990372877011602,19.01401138305664,361400,0.0,0.0,smartcentres,yfinance,2026-09-11T01:53:23.344381
2023-06-22 00:00:00-04:00,18.94309604213263,18.9667345502743,18.651541917076802,18.659421920776367,333900,0.0,0.0,smartcentres,yfinance,2026-09-11T01:53:23.344381
2023-06-23 00:00:00-04:00,18.580625612336508,18.580625612336508,18.359989991191874,18.391510009765625,371700,0.0,0.0,smartcentres,yfinance,2026-09-11T01:53:23.344381
2023-06-26 00:00:00-04:00,18.391503208615006,18.620017246941718,18.31270469427741,18.612138748168945,239500,0.0,0.0,smartcentres,yfinance,2026-09-11T01:53:23.344381
2023-06-27 00:00:00-04:00,18.604261774914807,18.95097288970859,18.604261774914807,18.80913734436035,225600,0.0,0.0,smartcentres,yfinance,2026-09-11T01:53:23.344381
2023-06-28 00:00:00-04:00,18.81701308840864,18.99825012522997,18.730336073883667,18.96673011779785,328400,0.0,0.0,smartcentres,yfinance,2026-09-11T01:53:23.344381
2023-06-29 00:00:00-04:00,18.898526593321176,19.049207674191052,18.8112899392437,19.041276931762695,183300,0.154,0.0,smartcentres,yfinance,2026-09-11T01:53:23.344381
2023-06-30 00:00:00-04:00,19.1126550773059,19.263336181640625,19.080932102652405,19.263336181640625,210000,0.0,0.0,smartcentres,yfinance,2026-09-11T01:53:23.344381
2023-07-04 00:00:00-04:00,19.271268227870088,19.501255289801016,19.263338995683075,19.398157119750977,101300,0.0,0.0,smartcentres,yfinance,2026-09-11T01:53:23.344381
2023-07-05 00:00:00-04:00,19.421946131249154,19.525044284190606,19.271265029907227,19.271265029907227,257500,0.0,0.0,smartcentres,yfinance,2026-09-11T01:53:23.344381
2023-07-06 00:00:00-04:00,19.27126263885913,19.279193381380992,18.819220903554292,18.93817901611328,223200,0.0,0.0,smartcentres,yfinance,2026-09-11T01:53:23.344381
2023-07-07 00:00:00-04:00,18.850948052379845,19.120587307356896,18.850948052379845,18.930253982543945,262600,0.0,0.0,smartcentres,yfinance,2026-09-11T01:53:23.344381
2023-07-10 00:00:00-04:00,18.91439057610435,18.961973524324076,18.747847988383334,18.922321319580078,331300,0.0,0.0,smartcentres,yfinance,2026-09-11T01:53:23.344381
2023-07-11 00:00:00-04:00,18.98577463290688,19.04128835056174,18.922330168067703,19.01749610900879,153400,0.0,0.0,smartcentres,yfinance,2026-09-11T01:53:23.344381
2023-07-12 00:00:00-04:00,19.03334698035885,19.350569127504595,19.017485494842933,19.326778411865234,178300,0.0,0.0,smartcentres,yfinance,2026-09-11T01:53:23.344381
2023-07-13 00:00:00-04:00,19.36643756732084,19.42988201953228,19.18403495629234,19.406089782714844,216600,0.0,0.0,smartcentres,yfinance,2026-09-11T01:53:23.344381
2023-07-14 00:00:00-04:00,19.477455167170522,19.53296884580659,19.310914131262315,19.493316650390625,292400,0.0,0.0,smartcentres,yfinance,2026-09-11T01:53:23.344381
2023-07-17 00:00:00-04:00,19.54883959982417,19.636076286271376,19.39815846304309,19.5726318359375,283200,0.0,0.0,smartcentres,yfinance,2026-09-11T01:53:23.344381
2023-07-18 00:00:00-04:00,19.667794177586405,19.715378641157546,19.350571983619155,19.477460861206055,200300,0.0,0.0,smartcentres,yfinance,2026-09-11T01:53:23.344381
2023-07-19 00:00:00-04:00,19.628142414093016,19.850198711205014,19.58055946208144,19.826406478881836,199000,0.0,0.0,smartcentres,yfinance,2026-09-11T01:53:23.344381
2023-07-20 00:00:00-04:00,19.85020057774377,19.85020057774377,19.675727216237412,19.79468536376953,148900,0.0,0.0,smartcentres,yfinance,2026-09-11T01:53:23.344381
2023-07-21 00:00:00-04:00,19.81847511020045,20.008808424883238,19.74709992811506,19.93743324279785,190300,0.0,0.0,smartcentres,yfinance,2026-09-11T01:53:23.344381
2023-07-24 00:00:00-04:00,19.969161640610924,20.08018905949868,19.897786439144472,20.008813858032227,141900,0.0,0.0,smartcentres,yfinance,2026-09-11T01:53:23.344381
2023-07-25 00:00:00-04:00,20.016744651987267,20.119842837745807,19.945369450349858,20.0484676361084,199700,0.0,0.0,smartcentres,yfinance,2026-09-11T01:53:23.344381
2023-07-26 00:00:00-04:00,20.06431990424609,20.11190436213973,19.897778839522022,20.00087547302246,116500,0.0,0.0,smartcentres,yfinance,2026-09-11T01:53:23.344381
2023-07-27 00:00:00-04:00,20.00881093690829,20.05639540602907,19.747102407283666,19.79468536376953,164100,0.0,0.0,smartcentres,yfinance,2026-09-11T01:53:23.344381
2023-07-28 00:00:00-04:00,19.92555137102687,19.98141122519208,19.789894769247876,19.845754623413086,228100,0.154,0.0,smartcentres,yfinance,2026-09-11T01:53:23.344381
2023-07-31 00:00:00-04:00,19.829795747197117,20.005350732363087,19.829795747197117,19.877674102783203,278000,0.0,0.0,smartcentres,yfinance,2026-09-11T01:53:23.344381
2023-08-01 00:00:00-04:00,19.86969016539276,20.228781565825685,19.86969016539276,19.9654483795166,238300,0.0,0.0,smartcentres,yfinance,2026-09-11T01:53:23.344381
2023-08-02 00:00:00-04:00,19.869693108894474,19.933531420425663,19.718076548248366,19.80585479736328,284000,0.0,0.0,smartcentres,yfinance,2026-09-11T01:53:23.344381
2023-08-03 00:00:00-04:00,19.718073996788448,19.829792169031087,19.64625723738096,19.742013931274414,299100,0.0,0.0,smartcentres,yfinance,2026-09-11T01:53:23.344381
2023-08-04 00:00:00-04:00,19.76596078371335,19.98939416234839,19.750000821803493,19.909597396850586,136300,0.0,0.0,smartcentres,yfinance,2026-09-11T01:53:23.344381
2023-08-08 00:00:00-04:00,19.909593374128477,19.941511769473355,19.73403687264262,19.81383514404297,160100,0.0,0.0,smartcentres,yfinance,2026-09-11T01:53:23.344381
2023-08-09 00:00:00-04:00,19.89363743494073,19.94151579864456,19.742020840848564,19.909597396850586,176000,0.0,0.0,smartcentres,yfinance,2026-09-11T01:53:23.344381
2023-08-10 00:00:00-04:00,19.989392060032348,20.069190339163384,19.94151370136396,20.005352020263672,215700,0.0,0.0,smartcentres,yfinance,2026-09-11T01:53:23.344381
2023-08-11 00:00:00-04:00,20.029286083936668,20.045246039485278,19.837771183428785,19.861709594726562,190700,0.0,0.0,smartcentres,yfinance,2026-09-11T01:53:23.344381
2023-08-14 00:00:00-04:00,19.829794734947004,19.965451337203962,19.702118111884623,19.80585479736328,203700,0.0,0.0,smartcentres,yfinance,2026-09-11T01:53:23.344381
2023-08-15 00:00:00-04:00,19.757974708188144,19.8297929926036,19.71009635925293,19.71009635925293,201400,0.0,0.0,smartcentres,yfinance,2026-09-11T01:53:23.344381
2023-08-16 00:00:00-04:00,19.71807980745456,19.941514695758038,19.646263026883585,19.694141387939453,236100,0.0,0.0,smartcentres,yfinance,2026-09-11T01:53:23.344381
2023-08-17 00:00:00-04:00,19.654235716198617,19.75797391039898,19.494640718850285,19.502620697021484,235400,0.0,0.0,smartcentres,yfinance,2026-09-11T01:53:23.344381
2023-08-18 00:00:00-04:00,19.422824405446637,19.54252104609303,19.351006116653725,19.462722778320312,144800,0.0,0.0,smartcentres,yfinance,2026-09-11T01:53:23.344381
2023-08-21 00:00:00-04:00,19.422826009267283,19.422826009267283,19.10363443384485,19.215351104736328,290000,0.0,0.0,smartcentres,yfinance,2026-09-11T01:53:23.344381
2023-08-22 00:00:00-04:00,19.26322816139204,19.26322816139204,19.08767318725586,19.08767318725586,133300,0.0,0.0,smartcentres,yfinance,2026-09-11T01:53:23.344381
2023-08-23 00:00:00-04:00,19.167474656077143,19.41484796138978,19.095656354208046,19.40686798095703,159100,0.0,0.0,smartcentres,yfinance,2026-09-11T01:53:23.344381
2023-08-24 00:00:00-04:00,19.35100379162587,19.518578763991574,19.167468863218144,19.263225555419922,78900,0.0,0.0,smartcentres,yfinance,2026-09-11T01:53:23.344381
2023-08-25 00:00:00-04:00,19.231313702784757,19.4467686165175,19.231313702784757,19.422828674316406,128400,0.0,0.0,smartcentres,yfinance,2026-09-11T01:53:23.344381
2023-08-28 00:00:00-04:00,19.526559395929034,19.61433763507455,19.462721091648266,19.55847930908203,123000,0.0,0.0,smartcentres,yfinance,2026-09-11T01:53:23.344381
2023-08-29 00:00:00-04:00,19.590403163288475,19.71807980745456,19.470706499635977,19.694141387939453,152700,0.0,0.0,smartcentres,yfinance,2026-09-11T01:53:23.344381
2023-08-30 00:00:00-04:00,19.809766060482445,19.809766060482445,19.60901853312919,19.68128776550293,95400,0.154,0.0,smartcentres,yfinance,2026-09-11T01:53:23.344381
2023-08-31 00:00:00-04:00,19.657200488371718,19.657200488371718,19.279795631150783,19.311914443969727,426200,0.0,0.0,smartcentres,yfinance,2026-09-11T01:53:23.344381
2023-09-01 00:00:00-04:00,19.319944920067925,19.528722568143632,19.319944920067925,19.456453323364258,107000,0.0,0.0,smartcentres,yfinance,2026-09-11T01:53:23.344381
2023-09-05 00:00:00-04:00,19.384189629119323,19.609027514100692,19.384189629119323,19.464488983154297,174600,0.0,0.0,smartcentres,yfinance,2026-09-11T01:53:23.344381
2023-09-06 00:00:00-04:00,19.472512407617728,19.512661305103624,19.352064183577784,19.432363510131836,197200,0.0,0.0,smartcentres,yfinance,2026-09-11T01:53:23.344381
2023-09-07 00:00:00-04:00,19.31994384032326,19.520691390917253,19.311913754509625,19.432363510131836,102400,0.0,0.0,smartcentres,yfinance,2026-09-11T01:53:23.344381
2023-09-08 00:00:00-04:00,19.432361424263167,19.49660057229453,19.191463470458984,19.191463470458984,181900,0.0,0.0,smartcentres,yfinance,2026-09-11T01:53:23.344381
2023-09-11 00:00:00-04:00,19.19146683930485,19.344035417004317,19.1754066665823,19.215557098388672,120200,0.0,0.0,smartcentres,yfinance,2026-09-11T01:53:23.344381
2023-09-12 00:00:00-04:00,19.21555818276027,19.271767258878803,19.071019683265483,19.239646911621094,150200,0.0,0.0,smartcentres,yfinance,2026-09-11T01:53:23.344381
2023-09-13 00:00:00-04:00,19.263737105254545,19.55281410324155,19.159349040193934,19.408275604248047,301600,0.0,0.0,smartcentres,yfinance,2026-09-11T01:53:23.344381
2023-09-14 00:00:00-04:00,19.47251139379731,19.9944546918507,19.46448130840176,19.94627571105957,364900,0.0,0.0,smartcentres,yfinance,2026-09-11T01:53:23.344381
2023-09-15 00:00:00-04:00,19.865976040957634,20.05869349233105,19.520690032903623,19.568870544433594,880700,0.0,0.0,smartcentres,yfinance,2026-09-11T01:53:23.344381
2023-09-18 00:00:00-04:00,19.512659947648626,19.68931876009421,19.496601308720795,19.568870544433594,123800,0.0,0.0,smartcentres,yfinance,2026-09-11T01:53:23.344381
2023-09-19 00:00:00-04:00,19.51266332710843,19.56084384698294,19.311915755711915,19.344036102294922,174700,0.0,0.0,smartcentres,yfinance,2026-09-11T01:53:23.344381
2023-09-20 00:00:00-04:00,19.376156862373843,19.544785635697604,19.376156862373843,19.42433738708496,128900,0.0,0.0,smartcentres,yfinance,2026-09-11T01:53:23.344381
2023-09-21 00:00:00-04:00,19.27176917970135,19.440396424864087,19.038901233620308,19.095111846923828,257300,0.0,0.0,smartcentres,yfinance,2026-09-11T01:53:23.344381
2023-09-22 00:00:00-04:00,19.07905167169425,19.13526075341516,19.03087267758813,19.095111846923828,247000,0.0,0.0,smartcentres,yfinance,2026-09-11T01:53:23.344381
2023-09-25 00:00:00-04:00,19.071018107895533,19.08707828019773,18.749822319763233,18.76588249206543,249400,0.0,0.0,smartcentres,yfinance,2026-09-11T01:53:23.344381
2023-09-26 00:00:00-04:00,18.6855855475563,18.80603379203466,18.25197002953518,18.348329544067383,352000,0.0,0.0,smartcentres,yfinance,2026-09-11T01:53:23.344381
2023-09-27 00:00:00-04:00,18.46074369827289,18.57316183119785,18.067278701453322,18.1074275970459,563400,0.0,0.0,smartcentres,yfinance,2026-09-11T01:53:23.344381
2023-09-28 00:00:00-04:00,18.19151831243428,18.425987510898207,18.13492272442274,18.385560989379883,227600,0.154,0.0,smartcentres,yfinance,2026-09-11T01:53:23.344381
2023-09-29 00:00:00-04:00,18.555347264466693,18.6685384280999,18.401729583740234,18.401729583740234,379100,0.0,0.0,smartcentres,yfinance,2026-09-11T01:53:23.344381
2023-10-02 00:00:00-04:00,18.353215177922433,18.36938423900956,17.819597609207346,17.948959350585938,454100,0.0,0.0,smartcentres,yfinance,2026-09-11T01:53:23.344381
2023-10-03 00:00:00-04:00,17.78725758941963,17.981300214432384,17.39917233939413,17.5042781829834,403900,0.0,0.0,smartcentres,yfinance,2026-09-11T01:53:23.344381
2023-10-04 00:00:00-04:00,17.54470761214392,17.924707623240508,17.54470761214392,17.892366409301758,319800,0.0,0.0,smartcentres,yfinance,2026-09-11T01:53:23.344381
2023-10-05 00:00:00-04:00,17.908529473993667,18.1510838500393,17.835763315391308,18.070232391357422,172000,0.0,0.0,smartcentres,yfinance,2026-09-11T01:53:23.344381
2023-10-06 00:00:00-04:00,17.96513101377892,18.231939836781592,17.706407493547697,18.207685470581055,166400,0.0,0.0,smartcentres,yfinance,2026-09-11T01:53:23.344381
2023-10-10 00:00:00-04:00,18.49066643207286,18.49066643207286,18.296622233698624,18.393644332885742,164000,0.0,0.0,smartcentres,yfinance,2026-09-11T01:53:23.344381
2023-10-11 00:00:00-04:00,18.506835487151864,18.71704875018559,18.393644323254456,18.700878143310547,217300,0.0,0.0,smartcentres,yfinance,2026-09-11T01:53:23.344381
2023-10-12 00:00:00-04:00,18.700875884787983,18.73321709463219,18.49874794960296,18.571514129638672,238300,0.0,0.0,smartcentres,yfinance,2026-09-11T01:53:23.344381
2023-10-13 00:00:00-04:00,18.555348284940926,18.603858566006764,18.385559988039454,18.482582092285156,123200,0.0,0.0,smartcentres,yfinance,2026-09-11T01:53:23.344381
2023-10-16 00:00:00-04:00,18.62811793174813,18.76556349656841,18.4664149087259,18.660457611083984,167400,0.0,0.0,smartcentres,yfinance,2026-09-11T01:53:23.344381
2023-10-17 00:00:00-04:00,18.474493625259182,18.781727408890955,18.474493625259182,18.749387741088867,153800,0.0,0.0,smartcentres,yfinance,2026-09-11T01:53:23.344381
2023-10-18 00:00:00-04:00,18.74129937295071,18.74129937295071,18.442149398618408,18.49874496459961,176900,0.0,0.0,smartcentres,yfinance,2026-09-11T01:53:23.344381
2023-10-19 00:00:00-04:00,18.4906662519095,18.579601504674372,18.23194117063605,18.240026473999023,159200,0.0,0.0,smartcentres,yfinance,2026-09-11T01:53:23.344381
2023-10-20 00:00:00-04:00,18.320877572124378,18.417899668282878,17.8034305049161,17.81151580810547,275600,0.0,0.0,smartcentres,yfinance,2026-09-11T01:53:23.344381
2023-10-23 00:00:00-04:00,17.64172512220106,17.91661922473786,17.63363982011307,17.83576774597168,205800,0.0,0.0,smartcentres,yfinance,2026-09-11T01:53:23.344381
2023-10-24 00:00:00-04:00,17.86810781589635,17.88427841904205,17.722575471812238,17.771085739135742,206000,0.0,0.0,smartcentres,yfinance,2026-09-11T01:53:23.344381
2023-10-25 00:00:00-04:00,17.682155265366404,17.682155265366404,17.374919891357422,17.374919891357422,267100,0.0,0.0,smartcentres,yfinance,2026-09-11T01:53:23.344381
2023-10-26 00:00:00-04:00,17.366831654803264,17.690236039581826,17.24555520327552,17.294065475463867,302900,0.0,0.0,smartcentres,yfinance,2026-09-11T01:53:23.344381
2023-10-27 00:00:00-04:00,17.35066235829999,17.512365333938774,16.970662370296864,17.20513153076172,361800,0.0,0.0,smartcentres,yfinance,2026-09-11T01:53:23.344381
2023-10-30 00:00:00-04:00,16.833758293772796,17.444562293469406,16.833758293772796,17.387554168701172,271000,0.154,0.0,smartcentres,yfinance,2026-09-11T01:53:23.344381
2023-10-31 00:00:00-04:00,17.485281269084904,17.59115482818942,17.289824183070614,17.501569747924805,329500,0.0,0.0,smartcentres,yfinance,2026-09-11T01:53:23.344381
2023-11-01 00:00:00-04:00,17.53415089825763,18.055369918926267,17.50971817415558,18.03093719482422,243200,0.0,0.0,smartcentres,yfinance,2026-09-11T01:53:23.344381
2023-11-02 00:00:00-04:00,18.234539056600095,18.74761540297812,18.22639481501494,18.723182678222656,281800,0.0,0.0,smartcentres,yfinance,2026-09-11T01:53:23.344381
2023-11-03 00:00:00-04:00,19.000081030037528,19.44800345201708,18.95121713297828,19.252546310424805,351900,0.0,0.0,smartcentres,yfinance,2026-09-11T01:53:23.344381
2023-11-06 00:00:00-05:00,19.301415346501578,19.309558036394737,18.788338895320756,18.902355194091797,306800,0.0,0.0,smartcentres,yfinance,2026-09-11T01:53:23.344381
2023-11-07 00:00:00-05:00,18.747615413956307,18.8290562765003,18.568445205688477,18.568445205688477,171200,0.0,0.0,smartcentres,yfinance,2026-09-11T01:53:23.344381
2023-11-08 00:00:00-05:00,18.55215536815188,18.853484492974975,18.55215536815188,18.796476364135742,190300,0.0,0.0,smartcentres,yfinance,2026-09-11T01:53:23.344381
2023-11-09 00:00:00-05:00,19.187389523575373,19.187389523575373,18.65802635916,18.71503448486328,247300,0.0,0.0,smartcentres,yfinance,2026-09-11T01:53:23.344381
2023-11-10 00:00:00-05:00,18.772045965398465,18.796478689361315,18.50329221522793,18.666173934936523,252300,0.0,0.0,smartcentres,yfinance,2026-09-11T01:53:23.344381
2023-11-13 00:00:00-05:00,18.682461390129212,18.682461390129212,18.315978317617358,18.429994583129883,200700,0.0,0.0,smartcentres,yfinance,2026-09-11T01:53:23.344381
2023-11-14 00:00:00-05:00,18.706890639566467,19.268830775296202,18.69060371284695,19.219966888427734,393000,0.0,0.0,smartcentres,yfinance,2026-09-11T01:53:23.344381
2023-11-15 00:00:00-05:00,19.252544480697566,19.35841805984506,19.057087357681183,19.081520080566406,217600,0.0,0.0,smartcentres,yfinance,2026-09-11T01:53:23.344381
2023-11-16 00:00:00-05:00,19.05709002077247,19.138530888415524,18.95936222228509,18.9919376373291,150200,0.0,0.0,smartcentres,yfinance,2026-09-11T01:53:23.344381
2023-11-17 00:00:00-05:00,18.991935537668308,19.065232155108184,18.73947027390606,18.804622650146484,224100,0.0,0.0,smartcentres,yfinance,2026-09-11T01:53:23.344381
2023-11-20 00:00:00-05:00,18.804620604449205,18.81276484476267,18.592875016364186,18.796476364135742,198200,0.0,0.0,smartcentres,yfinance,2026-09-11T01:53:23.344381
2023-11-21 00:00:00-05:00,18.739470500580744,18.755758983176673,18.47071675116872,18.48700523376465,304800,0.0,0.0,smartcentres,yfinance,2026-09-11T01:53:23.344381
2023-11-22 00:00:00-05:00,18.42999834005396,18.78833724473954,18.40556716580966,18.739473342895508,214900,0.0,0.0,smartcentres,yfinance,2026-09-11T01:53:23.344381
2023-11-23 00:00:00-05:00,18.731320775845653,18.853481252843263,18.658024178976138,18.69874382019043,95300,0.0,0.0,smartcentres,yfinance,2026-09-11T01:53:23.344381
2023-11-24 00:00:00-05:00,18.690606658899373,18.780190206719418,18.649885452294622,18.666173934936523,96400,0.0,0.0,smartcentres,yfinance,2026-09-11T01:53:23.344381
2023-11-27 00:00:00-05:00,18.64988558945609,18.723182208528502,18.511436592692117,18.674318313598633,300200,0.0,0.0,smartcentres,yfinance,2026-09-11T01:53:23.344381
2023-11-28 00:00:00-05:00,18.576586599577265,18.674315930319672,18.487003062531326,18.625452041625977,167300,0.0,0.0,smartcentres,yfinance,2026-09-11T01:53:23.344381
2023-11-29 00:00:00-05:00,18.727127671530166,18.7927217509937,18.563141690928227,18.66973304748535,268000,0.154,0.0,smartcentres,yfinance,2026-09-11T01:53:23.344381
2023-11-30 00:00:00-05:00,18.65333271792635,18.94850683500522,18.612337007836995,18.93210792541504,853000,0.0,0.0,smartcentres,yfinance,2026-09-11T01:53:23.344381
2023-12-01 00:00:00-05:00,18.891107141626723,19.473254200752514,18.891107141626723,19.44045639038086,357200,0.0,0.0,smartcentres,yfinance,2026-09-11T01:53:23.344381
2023-12-04 00:00:00-05:00,19.276471933180446,19.70283408255245,19.251873575525483,19.514249801635742,269600,0.0,0.0,smartcentres,yfinance,2026-09-11T01:53:23.344381
2023-12-05 00:00:00-05:00,19.56345225132045,19.842227464247692,19.514255521590144,19.670042037963867,287600,0.0,0.0,smartcentres,yfinance,2026-09-11T01:53:23.344381
2023-12-06 00:00:00-05:00,19.768427509606173,19.97340912521342,19.768427509606173,19.801223754882812,221100,0.0,0.0,smartcentres,yfinance,2026-09-11T01:53:23.344381
2023-12-07 00:00:00-05:00,19.809419741278887,19.948807278059725,19.563442471141098,19.57164192199707,264100,0.0,0.0,smartcentres,yfinance,2026-09-11T01:53:23.344381
2023-12-08 00:00:00-05:00,19.48145699436516,19.612645130578855,19.325670496154167,19.489656448364258,219000,0.0,0.0,smartcentres,yfinance,2026-09-11T01:53:23.344381
2023-12-11 00:00:00-05:00,19.514250445880336,19.514250445880336,19.219077963704287,19.292871475219727,263800,0.0,0.0,smartcentres,yfinance,2026-09-11T01:53:23.344381
2023-12-12 00:00:00-05:00,19.292873623657815,19.473256914179714,19.161685491662634,19.235477447509766,217800,0.0,0.0,smartcentres,yfinance,2026-09-11T01:53:23.344381
2023-12-13 00:00:00-05:00,19.30107505211615,20.358779670028436,19.227281524833195,20.3505802154541,405800,0.0,0.0,smartcentres,yfinance,2026-09-11T01:53:23.344381
2023-12-14 00:00:00-05:00,20.489970452460046,20.826140313841815,20.350582834529586,20.46537208557129,449300,0.0,0.0,smartcentres,yfinance,2026-09-11T01:53:23.344381
2023-12-15 00:00:00-05:00,20.506365620298325,20.506365620298325,20.104601751107797,20.145597457885742,528000,0.0,0.0,smartcentres,yfinance,2026-09-11T01:53:23.344381
2023-12-18 00:00:00-05:00,20.137403019667182,20.21119656135708,19.940620763122908,20.030813217163086,230400,0.0,0.0,smartcentres,yfinance,2026-09-11T01:53:23.344381
2023-12-19 00:00:00-05:00,19.98161175387703,20.211190198965244,19.98161175387703,20.08820152282715,215900,0.0,0.0,smartcentres,yfinance,2026-09-11T01:53:23.344381
2023-12-20 00:00:00-05:00,20.161996318334484,20.17019577244782,19.735634087756782,19.743833541870117,349500,0.0,0.0,smartcentres,yfinance,2026-09-11T01:53:23.344381
2023-12-21 00:00:00-05:00,19.825832468120222,20.047213103950593,19.809433554972838,19.907825469970703,217100,0.0,0.0,smartcentres,yfinance,2026-09-11T01:53:23.344381
2023-12-22 00:00:00-05:00,20.03900517671228,20.194790094101453,20.03900517671228,20.1127986907959,144400,0.0,0.0,smartcentres,yfinance,2026-09-11T01:53:23.344381
2023-12-27 00:00:00-05:00,20.088204039568577,20.293185713441726,20.022609966484612,20.27678680419922,192700,0.0,0.0,smartcentres,yfinance,2026-09-11T01:53:23.344381
2023-12-28 00:00:00-05:00,20.288336890726352,20.420347089450164,20.255333554202547,20.321338653564453,116400,0.154,0.0,smartcentres,yfinance,2026-09-11T01:53:23.344381
2023-12-29 00:00:00-05:00,20.370840496302907,20.577106596502087,20.24708115092049,20.535852432250977,289700,0.0,0.0,smartcentres,yfinance,2026-09-11T01:53:23.344381
2024-01-02 00:00:00-05:00,20.461596510284437,20.643111685618408,20.370840496302907,20.535852432250977,164400,0.0,0.0,smartcentres,yfinance,2026-09-11T01:53:23.344381
2024-01-03 00:00:00-05:00,20.535853245227965,20.626610836487878,20.362590469570517,20.502851486206055,256500,0.0,0.0,smartcentres,yfinance,2026-09-11T01:53:23.344381
2024-01-04 00:00:00-05:00,20.486351793121408,20.857631453414484,20.436848362977557,20.80812644958496,338000,0.0,0.0,smartcentres,yfinance,2026-09-11T01:53:23.344381
2024-01-05 00:00:00-05:00,20.79987470576369,21.039144159416335,20.750371277785266,21.030893325805664,207900,0.0,0.0,smartcentres,yfinance,2026-09-11T01:53:23.344381
2024-01-08 00:00:00-05:00,21.00614439400859,21.28666648969091,20.956640957619317,21.121654510498047,184600,0.0,0.0,smartcentres,yfinance,2026-09-11T01:53:23.344381
2024-01-09 00:00:00-05:00,21.080393329380442,21.088644161650805,20.808122159199794,20.84112548828125,268700,0.0,0.0,smartcentres,yfinance,2026-09-11T01:53:23.344381
2024-01-10 00:00:00-05:00,20.940143351213035,21.006148470436226,20.832885622607666,20.882389068603516,350900,0.0,0.0,smartcentres,yfinance,2026-09-11T01:53:23.344381
2024-01-11 00:00:00-05:00,20.874126995010712,21.146398161947886,20.560603240898494,21.129898071289062,759800,0.0,0.0,smartcentres,yfinance,2026-09-11T01:53:23.344381
2024-01-12 00:00:00-05:00,21.121651024078794,21.245410381466723,20.9401358311366,20.98138999938965,216000,0.0,0.0,smartcentres,yfinance,2026-09-11T01:53:23.344381
2024-01-15 00:00:00-05:00,20.9813928644014,21.055648803710938,20.915387759869127,21.055648803710938,103400,0.0,0.0,smartcentres,yfinance,2026-09-11T01:53:23.344381
2024-01-16 00:00:00-05:00,20.997892023365957,21.03089378484336,20.79162589965386,20.989641189575195,206000,0.0,0.0,smartcentres,yfinance,2026-09-11T01:53:23.344381
2024-01-17 00:00:00-05:00,20.874133782592754,20.874133782592754,20.337842106506063,20.511106491088867,377200,0.0,0.0,smartcentres,yfinance,2026-09-11T01:53:23.344381
2024-01-18 00:00:00-05:00,20.610107372134735,20.66786162564881,20.304834439650225,20.46159553527832,203800,0.0,0.0,smartcentres,yfinance,2026-09-11T01:53:23.344381
2024-01-19 00:00:00-05:00,20.420347553375304,20.568859423735027,20.106823717704803,20.280086517333984,358300,0.0,0.0,smartcentres,yfinance,2026-09-11T01:53:23.344381
2024-01-22 00:00:00-05:00,20.33783777465713,20.651363137623644,20.205827592466655,20.601858139038086,252000,0.0,0.0,smartcentres,yfinance,2026-09-11T01:53:23.344381
2024-01-23 00:00:00-05:00,20.634866118416095,20.791628835202435,20.43685080053718,20.71737289428711,287100,0.0,0.0,smartcentres,yfinance,2026-09-11T01:53:23.344381
2024-01-24 00:00:00-05:00,20.709124688083378,20.857636588765672,20.502858509065987,20.585365295410156,214500,0.0,0.0,smartcentres,yfinance,2026-09-11T01:53:23.344381
2024-01-25 00:00:00-05:00,20.601867122132074,20.626619632217764,20.1315804463073,20.230588912963867,719200,0.0,0.0,smartcentres,yfinance,2026-09-11T01:53:23.344381
2024-01-26 00:00:00-05:00,20.263583552551687,20.38734291204003,20.06556826263321,20.34609031677246,257000,0.0,0.0,smartcentres,yfinance,2026-09-11T01:53:23.344381
2024-01-29 00:00:00-05:00,20.395595669577077,20.519356614424396,20.214082030119215,20.494604110717773,239200,0.0,0.0,smartcentres,yfinance,2026-09-11T01:53:23.344381
2024-01-30 00:00:00-05:00,20.398294244493123,20.663961644340404,20.381689636127014,20.57263946533203,277000,0.154,0.0,smartcentres,yfinance,2026-09-11T01:53:23.344381
2024-01-31 00:00:00-05:00,20.589247767589377,20.688873859819367,20.365091831202175,20.473018646240234,1121300,0.0,0.0,smartcentres,yfinance,2026-09-11T01:53:23.344381
2024-02-01 00:00:00-05:00,20.58924605812669,20.70547675332857,20.365090140350475,20.663965225219727,422400,0.0,0.0,smartcentres,yfinance,2026-09-11T01:53:23.344381
2024-02-02 00:00:00-05:00,20.522829755978087,20.5477366735222,20.257162302852613,20.489622116088867,438400,0.0,0.0,smartcentres,yfinance,2026-09-11T01:53:23.344381
2024-02-05 00:00:00-05:00,20.414906740537937,20.414906740537937,19.98319625723543,20.024707794189453,221400,0.0,0.0,smartcentres,yfinance,2026-09-11T01:53:23.344381
2024-02-06 00:00:00-05:00,20.0246988940618,20.290366278476796,19.916770529454134,20.223949432373047,288800,0.0,0.0,smartcentres,yfinance,2026-09-11T01:53:23.344381
2024-02-07 00:00:00-05:00,20.174142076885545,20.315278118034257,20.157539047664482,20.19904899597168,343700,0.0,0.0,smartcentres,yfinance,2026-09-11T01:53:23.344381
2024-02-08 00:00:00-05:00,20.157535169144477,20.257159659314176,20.01639915515181,20.149232864379883,168200,0.0,0.0,smartcentres,yfinance,2026-09-11T01:53:23.344381
2024-02-09 00:00:00-05:00,20.057905858899467,20.298667907714844,20.057905858899467,20.298667907714844,133300,0.0,0.0,smartcentres,yfinance,2026-09-11T01:53:23.344381
2024-02-12 00:00:00-05:00,20.099425124068407,20.331884977382842,20.099425124068407,20.157541275024414,172800,0.0,0.0,smartcentres,yfinance,2026-09-11T01:53:23.344381
2024-02-13 00:00:00-05:00,19.949980585205296,19.949980585205296,19.526572579632607,19.651103973388672,287900,0.0,0.0,smartcentres,yfinance,2026-09-11T01:53:23.344381
2024-02-14 00:00:00-05:00,19.70922162831082,20.06621284131249,19.70922162831082,20.04960823059082,273700,0.0,0.0,smartcentres,yfinance,2026-09-11T01:53:23.344381
2024-02-15 00:00:00-05:00,19.93338297339756,20.290374255364984,19.93338297339756,20.099424362182617,379900,0.0,0.0,smartcentres,yfinance,2026-09-11T01:53:23.344381
2024-02-16 00:00:00-05:00,19.925073255196573,20.107719189974954,19.842051799932744,19.958282470703125,233000,0.0,0.0,smartcentres,yfinance,2026-09-11T01:53:23.344381
2024-02-20 00:00:00-05:00,19.88357053868445,19.991497361261935,19.77564213260383,19.908475875854492,195500,0.0,0.0,smartcentres,yfinance,2026-09-11T01:53:23.344381
2024-02-21 00:00:00-05:00,19.85035569161985,20.057908554630096,19.85035569161985,19.999794006347656,255200,0.0,0.0,smartcentres,yfinance,2026-09-11T01:53:23.344381
2024-02-22 00:00:00-05:00,20.074511557970954,20.074511557970954,19.750729624294827,19.958282470703125,310800,0.0,0.0,smartcentres,yfinance,2026-09-11T01:53:23.344381
2024-02-23 00:00:00-05:00,19.9499813793455,20.082815082439964,19.825448397129616,19.991491317749023,123300,0.0,0.0,smartcentres,yfinance,2026-09-11T01:53:23.344381
2024-02-26 00:00:00-05:00,19.925070978315297,20.049602355229293,19.66770592155939,19.676008224487305,359900,0.0,0.0,smartcentres,yfinance,2026-09-11T01:53:23.344381
2024-02-27 00:00:00-05:00,19.72582472793254,19.850356131799625,19.57638640989095,19.692615509033203,347400,0.0,0.0,smartcentres,yfinance,2026-09-11T01:53:23.344381
2024-02-28 00:00:00-05:00,19.796237344706835,19.796237344706835,19.487051010131836,19.487051010131836,323200,0.154,0.0,smartcentres,yfinance,2026-09-11T01:53:23.344381
2024-02-29 00:00:00-05:00,19.57897705734979,19.687609176554744,19.31993000859086,19.3951358795166,405100,0.0,0.0,smartcentres,yfinance,2026-09-11T01:53:23.344381
2024-03-01 00:00:00-05:00,19.395134779048146,19.704321182682843,19.269789542815598,19.670896530151367,182600,0.0,0.0,smartcentres,yfinance,2026-09-11T01:53:23.344381
2024-03-04 00:00:00-05:00,19.67924710234967,19.737743020453653,19.420200126149513,19.487051010131836,265300,0.0,0.0,smartcentres,yfinance,2026-09-11T01:53:23.344381
2024-03-05 00:00:00-05:00,19.428553564856742,19.57896842811688,19.23635750351347,19.319921493530273,306200,0.0,0.0,smartcentres,yfinance,2026-09-11T01:53:23.344381
2024-03-06 00:00:00-05:00,19.378417157366904,19.395128681453162,19.253071960541376,19.26142692565918,227700,0.0,0.0,smartcentres,yfinance,2026-09-11T01:53:23.344381
2024-03-07 00:00:00-05:00,19.344995542920707,19.55390478548756,19.278144649053353,19.503767013549805,376100,0.0,0.0,smartcentres,yfinance,2026-09-11T01:53:23.344381
2024-03-08 00:00:00-05:00,19.60404059576711,19.612397155895717,19.420201054490363,19.470338821411133,154500,0.0,0.0,smartcentres,yfinance,2026-09-11T01:53:23.344381
2024-03-11 00:00:00-04:00,19.428561659482074,19.478699436841108,19.3282845109128,19.403491973876953,134400,0.0,0.0,smartcentres,yfinance,2026-09-11T01:53:23.344381
2024-03-12 00:00:00-04:00,19.411843252766595,19.436912931548942,19.23636028284247,19.269784927368164,231500,0.0,0.0,smartcentres,yfinance,2026-09-11T01:53:23.344381
2024-03-13 00:00:00-04:00,19.303210404923156,19.378417844455186,19.127725848064852,19.186220169067383,257100,0.0,0.0,smartcentres,yfinance,2026-09-11T01:53:23.344381
2024-03-14 00:00:00-04:00,19.211291205179275,19.219647765034868,18.835255574782565,18.91046142578125,303500,0.0,0.0,smartcentres,yfinance,2026-09-11T01:53:23.344381
2024-03-15 00:00:00-04:00,18.927172853435792,19.027449968887474,18.79347109540067,18.843608856201172,625900,0.0,0.0,smartcentres,yfinance,2026-09-11T01:53:23.344381
2024-03-18 00:00:00-04:00,18.86032108202862,19.111013061870814,18.843607964602352,18.985666275024414,369200,0.0,0.0,smartcentres,yfinance,2026-09-11T01:53:23.344381
2024-03-19 00:00:00-04:00,19.00238636010217,19.14444472261312,18.89375424470024,19.09430694580078,269400,0.0,0.0,smartcentres,yfinance,2026-09-11T01:53:23.344381
2024-03-20 00:00:00-04:00,19.07758864182713,19.26978472896058,19.069232082319058,19.24471664428711,185900,0.0,0.0,smartcentres,yfinance,2026-09-11T01:53:23.344381
2024-03-21 00:00:00-04:00,19.3032124003916,19.51212162205417,19.261429599748563,19.470338821411133,260800,0.0,0.0,smartcentres,yfinance,2026-09-11T01:53:23.344381
2024-03-22 00:00:00-04:00,19.495407997359372,19.495407997359372,19.228004455566406,19.228004455566406,229000,0.0,0.0,smartcentres,yfinance,2026-09-11T01:53:23.344381
2024-03-25 00:00:00-04:00,19.219646406126376,19.361704725925687,19.152795525859098,19.186220169067383,180700,0.0,0.0,smartcentres,yfinance,2026-09-11T01:53:23.344381
2024-03-26 00:00:00-04:00,19.21964667282089,19.303210672777215,19.12772611348386,19.152795791625977,265600,0.0,0.0,smartcentres,yfinance,2026-09-11T01:53:23.344381
2024-03-27 00:00:00-04:00,19.181400927700192,19.52632951176454,19.181400927700192,19.45061492919922,288200,0.154,0.0,smartcentres,yfinance,2026-09-11T01:53:23.344381
2024-03-28 00:00:00-04:00,19.459026395062693,19.585221110033906,19.391723295906527,19.543155670166016,352400,0.0,0.0,smartcentres,yfinance,2026-09-11T01:53:23.344381
2024-04-01 00:00:00-04:00,19.53473630607645,19.543149391347075,19.273937081214886,19.349653244018555,175200,0.0,0.0,smartcentres,yfinance,2026-09-11T01:53:23.344381
2024-04-02 00:00:00-04:00,19.30759484354629,19.30759484354629,19.13933630015352,19.257116317749023,285500,0.0,0.0,smartcentres,yfinance,2026-09-11T01:53:23.344381
2024-04-03 00:00:00-04:00,19.240292495647903,19.299182506736738,18.937427747611103,18.94584083557129,303200,0.0,0.0,smartcentres,yfinance,2026-09-11T01:53:23.344381
2024-04-04 00:00:00-04:00,19.32441527010265,19.32441527010265,18.996312945943185,19.07202911376953,163100,0.0,0.0,smartcentres,yfinance,2026-09-11T01:53:23.344381
2024-04-05 00:00:00-04:00,19.164575684992165,19.450614247800438,19.080446412760484,19.42537498474121,209700,0.0,0.0,smartcentres,yfinance,2026-09-11T01:53:23.344381
2024-04-08 00:00:00-04:00,19.42537481951671,19.526328661630128,19.206639355427775,19.50109100341797,247000,0.0,0.0,smartcentres,yfinance,2026-09-11T01:53:23.344381
2024-04-09 00:00:00-04:00,19.55156735864578,19.75347664166169,19.4674380895644,19.736650466918945,206400,0.0,0.0,smartcentres,yfinance,2026-09-11T01:53:23.344381
2024-04-10 00:00:00-04:00,19.433786028555698,19.459023684328248,19.080444406049878,19.164573669433594,254500,0.0,0.0,smartcentres,yfinance,2026-09-11T01:53:23.344381
2024-04-11 00:00:00-04:00,19.34965930172651,19.34965930172651,19.0215568966144,19.198226928710938,255700,0.0,0.0,smartcentres,yfinance,2026-09-11T01:53:23.344381
2024-04-12 00:00:00-04:00,19.139339199805896,19.189816128618133,18.90377752429438,18.954256057739258,228600,0.0,0.0,smartcentres,yfinance,2026-09-11T01:53:23.344381
2024-04-15 00:00:00-04:00,19.046788044627604,19.097266554798548,18.64296959105142,18.6597957611084,211500,0.0,0.0,smartcentres,yfinance,2026-09-11T01:53:23.344381
2024-04-16 00:00:00-04:00,18.659799119252124,18.710276033875342,18.525192943835425,18.642972946166992,151300,0.0,0.0,smartcentres,yfinance,2026-09-11T01:53:23.344381
2024-04-17 00:00:00-04:00,18.685039474832593,18.77758183554397,18.491543270283728,18.50836944580078,262500,0.0,0.0,smartcentres,yfinance,2026-09-11T01:53:23.344381
2024-04-18 00:00:00-04:00,18.567257155593154,18.685037160358547,18.37376097501223,18.57567024230957,237500,0.0,0.0,smartcentres,yfinance,2026-09-11T01:53:23.344381
2024-04-19 00:00:00-04:00,18.508366014054904,18.785991440080444,18.508366014054904,18.777578353881836,167900,0.0,0.0,smartcentres,yfinance,2026-09-11T01:53:23.344381
2024-04-22 00:00:00-04:00,18.785994878788415,19.189813462446335,18.777581791049823,19.172988891601562,254300,0.0,0.0,smartcentres,yfinance,2026-09-11T01:53:23.344381
2024-04-23 00:00:00-04:00,19.156158597323905,19.36648093166967,19.05520317079983,19.080442428588867,260000,0.0,0.0,smartcentres,yfinance,2026-09-11T01:53:23.344381
2024-04-24 00:00:00-04:00,19.021553961984864,19.105681618785532,18.903772354125977,18.903772354125977,180300,0.0,0.0,smartcentres,yfinance,2026-09-11T01:53:23.344381
2024-04-25 00:00:00-04:00,18.786002468501227,18.937434899711103,18.66822240184157,18.844892501831055,230700,0.0,0.0,smartcentres,yfinance,2026-09-11T01:53:23.344381
2024-04-26 00:00:00-04:00,18.84488768311732,19.00473316459162,18.811236931804793,18.8785400390625,133700,0.0,0.0,smartcentres,yfinance,2026-09-11T01:53:23.344381
2024-04-29 00:00:00-04:00,18.90733641598823,19.178409084705965,18.79721375021686,18.87345314025879,187900,0.154,0.0,smartcentres,yfinance,2026-09-11T01:53:23.344381
2024-04-30 00:00:00-04:00,18.831097025946296,19.008989474617657,18.805684973079355,18.87345314025879,274200,0.0,0.0,smartcentres,yfinance,2026-09-11T01:53:23.344381
2024-05-01 00:00:00-04:00,18.848043969909284,19.042877295083635,18.788747011440652,18.864986419677734,166900,0.0,0.0,smartcentres,yfinance,2026-09-11T01:53:23.344381
2024-05-02 00:00:00-04:00,19.059816203726164,19.263120716012764,18.915808638891406,19.085229873657227,261100,0.0,0.0,smartcentres,yfinance,2026-09-11T01:53:23.344381
2024-05-03 00:00:00-04:00,19.44101626290441,19.483370770464884,19.18688437037885,19.271595001220703,177600,0.0,0.0,smartcentres,yfinance,2026-09-11T01:53:23.344381
2024-05-06 00:00:00-04:00,19.330892315751466,19.508784805382792,19.254652908155318,19.424074172973633,210100,0.0,0.0,smartcentres,yfinance,2026-09-11T01:53:23.344381
2024-05-07 00:00:00-04:00,19.474897695269313,19.50878259067461,19.09370231628418,19.09370231628418,171500,0.0,0.0,smartcentres,yfinance,2026-09-11T01:53:23.344381
2024-05-08 00:00:00-04:00,19.068288413011533,19.297006607055664,18.97510656750006,19.297006607055664,283000,0.0,0.0,smartcentres,yfinance,2026-09-11T01:53:23.344381
2024-05-09 00:00:00-04:00,19.48337323101166,19.48337323101166,19.203829244934685,19.28853988647461,143400,0.0,0.0,smartcentres,yfinance,2026-09-11T01:53:23.344381
2024-05-10 00:00:00-04:00,19.297008062797783,19.41560197278025,19.24618071647314,19.322420120239258,155400,0.0,0.0,smartcentres,yfinance,2026-09-11T01:53:23.344381
2024-05-13 00:00:00-04:00,19.41560189021734,19.424073114568756,19.212297352945843,19.390188217163086,157900,0.0,0.0,smartcentres,yfinance,2026-09-11T01:53:23.344381
2024-05-14 00:00:00-04:00,19.47490200528556,19.47490200528556,19.203829244934685,19.28853988647461,214500,0.0,0.0,smartcentres,yfinance,2026-09-11T01:53:23.344381
2024-05-15 00:00:00-04:00,19.474894323485618,19.618901872583912,19.38171249297482,19.39865493774414,265900,0.0,0.0,smartcentres,yfinance,2026-09-11T01:53:23.344381
2024-05-16 00:00:00-04:00,19.415601808229518,19.593492671695568,19.38171691096694,19.457956314086914,180800,0.0,0.0,smartcentres,yfinance,2026-09-11T01:53:23.344381
2024-05-17 00:00:00-04:00,19.407127380371094,19.449481879237013,19.263119822218183,19.407127380371094,324100,0.0,0.0,smartcentres,yfinance,2026-09-11T01:53:23.344381
2024-05-21 00:00:00-04:00,19.457951878716298,19.466423101100958,19.313944329618003,19.39865493774414,164000,0.0,0.0,smartcentres,yfinance,2026-09-11T01:53:23.344381
2024-05-22 00:00:00-04:00,19.356302874572435,19.53419371984927,19.347831651122966,19.415599822998047,199700,0.0,0.0,smartcentres,yfinance,2026-09-11T01:53:23.344381
2024-05-23 00:00:00-04:00,19.407130836977284,19.407130836977284,19.102173220520832,19.144529342651367,155700,0.0,0.0,smartcentres,yfinance,2026-09-11T01:53:23.344381
2024-05-24 00:00:00-04:00,19.28006386312174,19.28006386312174,19.076759343448625,19.18688201904297,156800,0.0,0.0,smartcentres,yfinance,2026-09-11T01:53:23.344381
2024-05-27 00:00:00-04:00,19.28006317174423,19.305476841687305,19.136055606841424,19.19535255432129,109400,0.0,0.0,smartcentres,yfinance,2026-09-11T01:53:23.344381
2024-05-28 00:00:00-04:00,19.1953584910668,19.271597908754728,18.932756949986786,18.94969940185547,286700,0.0,0.0,smartcentres,yfinance,2026-09-11T01:53:23.344381
2024-05-29 00:00:00-04:00,18.84804238477666,18.890396889914804,18.678621132782485,18.70403480529785,250000,0.0,0.0,smartcentres,yfinance,2026-09-11T01:53:23.344381
2024-05-30 00:00:00-04:00,18.763334095950146,18.915812918593588,18.763334095950146,18.89887046813965,230200,0.0,0.0,smartcentres,yfinance,2026-09-11T01:53:23.344381
2024-05-31 00:00:00-04:00,18.90228093591186,19.072879791259766,18.842571824625473,19.072879791259766,254900,0.154,0.0,smartcentres,yfinance,2026-09-11T01:53:23.344381
2024-06-03 00:00:00-04:00,19.089937487402214,19.252006229750137,19.013169795712344,19.226417541503906,325300,0.0,0.0,smartcentres,yfinance,2026-09-11T01:53:23.344381
2024-06-04 00:00:00-04:00,19.141117979783992,19.269066300946147,19.10699755976679,19.12405776977539,160600,0.0,0.0,smartcentres,yfinance,2026-09-11T01:53:23.344381
2024-06-05 00:00:00-04:00,19.14965139627987,19.499377627177417,19.124061076841713,19.473787307739258,259100,0.0,0.0,smartcentres,yfinance,2026-09-11T01:53:23.344381
2024-06-06 00:00:00-04:00,19.388487869896856,19.54202653262289,19.388487869896856,19.473787307739258,240500,0.0,0.0,smartcentres,yfinance,2026-09-11T01:53:23.344381
2024-06-07 00:00:00-04:00,19.40554234432957,19.40554234432957,19.072876424765376,19.132585525512695,180200,0.0,0.0,smartcentres,yfinance,2026-09-11T01:53:23.344381
2024-06-10 00:00:00-04:00,19.10699800412085,19.166707113588377,19.004639995591145,19.04728889465332,203800,0.0,0.0,smartcentres,yfinance,2026-09-11T01:53:23.344381
2024-06-11 00:00:00-04:00,19.013171896497767,19.038760587571314,18.774333809119316,18.808452606201172,263100,0.0,0.0,smartcentres,yfinance,2026-09-11T01:53:23.344381
2024-06-12 00:00:00-04:00,18.961986976405026,19.132585804125355,18.834038669090276,18.885217666625977,192300,0.0,0.0,smartcentres,yfinance,2026-09-11T01:53:23.344381
2024-06-13 00:00:00-04:00,18.885217362248095,18.99610708656437,18.799919576713695,18.859628677368164,201700,0.0,0.0,smartcentres,yfinance,2026-09-11T01:53:23.344381
2024-06-14 00:00:00-04:00,18.868158629061135,18.893747313734586,18.723150117091393,18.75726890563965,209100,0.0,0.0,smartcentres,yfinance,2026-09-11T01:53:23.344381
2024-06-17 00:00:00-04:00,18.757271841472843,18.842571266620734,18.612263306806792,18.637853622436523,244400,0.0,0.0,smartcentres,yfinance,2026-09-11T01:53:23.344381
2024-06-18 00:00:00-04:00,18.603733501214545,18.774332354257865,18.603733501214545,18.663442611694336,204300,0.0,0.0,smartcentres,yfinance,2026-09-11T01:53:23.344381
2024-06-19 00:00:00-04:00,18.64638403558176,18.66344261933208,18.518434082271288,18.52696418762207,150700,0.0,0.0,smartcentres,yfinance,2026-09-11T01:53:23.344381
2024-06-20 00:00:00-04:00,18.55255566318326,18.637855095070922,18.433137434711337,18.57814598083496,231700,0.0,0.0,smartcentres,yfinance,2026-09-11T01:53:23.344381
2024-06-21 00:00:00-04:00,18.55255643553688,18.60373544601955,18.356368872893793,18.390487670898438,678700,0.0,0.0,smartcentres,yfinance,2026-09-11T01:53:23.344381
2024-06-24 00:00:00-04:00,18.424603434902682,18.902277874788208,18.424603434902682,18.885217666625977,445400,0.0,0.0,smartcentres,yfinance,2026-09-11T01:53:23.344381
2024-06-25 00:00:00-04:00,18.76580150172726,18.79139181675022,18.55255375738945,18.64638328552246,173800,0.0,0.0,smartcentres,yfinance,2026-09-11T01:53:23.344381
2024-06-26 00:00:00-04:00,18.578146005356356,18.578146005356356,18.339307921145924,18.373428344726562,279500,0.0,0.0,smartcentres,yfinance,2026-09-11T01:53:23.344381
2024-06-27 00:00:00-04:00,18.347830938005902,18.731675793274217,18.347830938005902,18.706087112426758,381800,0.0,0.0,smartcentres,yfinance,2026-09-11T01:53:23.344381
2024-06-28 00:00:00-04:00,18.846968777958285,19.001593210460225,18.675163488854647,18.88991928100586,413900,0.154,0.0,smartcentres,yfinance,2026-09-11T01:53:23.344381
2024-07-02 00:00:00-04:00,18.89851399733212,19.06172889516796,18.795430472789214,19.04454803466797,222700,0.0,0.0,smartcentres,yfinance,2026-09-11T01:53:23.344381
2024-07-03 00:00:00-04:00,19.08749361042054,19.24211803801229,19.05313353676494,19.139036178588867,151000,0.0,0.0,smartcentres,yfinance,2026-09-11T01:53:23.344381
2024-07-04 00:00:00-04:00,19.13903942957546,19.319433533436772,19.13903942957546,19.190580368041992,92900,0.0,0.0,smartcentres,yfinance,2026-09-11T01:53:23.344381
2024-07-05 00:00:00-04:00,19.19916590555829,19.379559963454977,19.078901561837355,19.087491989135742,344200,0.0,0.0,smartcentres,yfinance,2026-09-11T01:53:23.344381
2024-07-08 00:00:00-04:00,19.207758442226417,19.456874307411287,19.035953154304217,19.439693450927734,381200,0.0,0.0,smartcentres,yfinance,2026-09-11T01:53:23.344381
2024-07-09 00:00:00-04:00,19.422516751238643,19.422516751238643,19.216351362074438,19.25071144104004,180500,0.0,0.0,smartcentres,yfinance,2026-09-11T01:53:23.344381
2024-07-10 00:00:00-04:00,19.293660517728036,19.474056243896484,19.276481298748404,19.474056243896484,244600,0.0,0.0,smartcentres,yfinance,2026-09-11T01:53:23.344381
2024-07-11 00:00:00-04:00,19.568552892560984,20.049605519373397,19.54278160170321,20.023834228515625,409500,0.0,0.0,smartcentres,yfinance,2026-09-11T01:53:23.344381
2024-07-12 00:00:00-04:00,20.101142325406318,20.36743905563247,20.09255189688848,20.15268325805664,333400,0.0,0.0,smartcentres,yfinance,2026-09-11T01:53:23.344381
2024-07-15 00:00:00-04:00,20.255774607405485,20.358858151089787,20.144102270333388,20.298725128173828,275800,0.0,0.0,smartcentres,yfinance,2026-09-11T01:53:23.344381
2024-07-16 00:00:00-04:00,20.307310318334157,20.48770606360394,20.204228439714495,20.453344345092773,294600,0.0,0.0,smartcentres,yfinance,2026-09-11T01:53:23.344381
2024-07-17 00:00:00-04:00,20.358855896370784,20.54784046066196,20.272953225890372,20.418987274169922,246400,0.0,0.0,smartcentres,yfinance,2026-09-11T01:53:23.344381
2024-07-18 00:00:00-04:00,20.315899164547602,20.57360711792492,20.247177371338342,20.32448959350586,211000,0.0,0.0,smartcentres,yfinance,2026-09-11T01:53:23.344381
2024-07-19 00:00:00-04:00,20.307308735589345,20.487704466799148,20.290129516129625,20.32448959350586,155200,0.0,0.0,smartcentres,yfinance,2026-09-11T01:53:23.344381
2024-07-22 00:00:00-04:00,20.46193411117166,20.85708566895132,20.444753252473227,20.771183013916016,421300,0.0,0.0,smartcentres,yfinance,2026-09-11T01:53:23.344381
2024-07-23 00:00:00-04:00,20.822726667824398,20.90862933406548,20.616561251920047,20.805545806884766,211500,0.0,0.0,smartcentres,yfinance,2026-09-11T01:53:23.344381
2024-07-24 00:00:00-04:00,20.788363086810882,21.04606940371859,20.67668914794922,20.67668914794922,292000,0.0,0.0,smartcentres,yfinance,2026-09-11T01:53:23.344381
2024-07-25 00:00:00-04:00,20.685280600768454,21.00311993657875,20.685280600768454,20.848495483398438,208900,0.0,0.0,smartcentres,yfinance,2026-09-11T01:53:23.344381
2024-07-26 00:00:00-04:00,21.046071257950196,21.063252117512885,20.796953709662063,20.882856369018555,182200,0.0,0.0,smartcentres,yfinance,2026-09-11T01:53:23.344381
2024-07-29 00:00:00-04:00,20.908624977839946,20.960165911463424,20.685278747529228,20.711050033569336,173000,0.0,0.0,smartcentres,yfinance,2026-09-11T01:53:23.344381
2024-07-30 00:00:00-04:00,20.74541140914281,20.908626287372364,20.719641759945457,20.900035858154297,126600,0.0,0.0,smartcentres,yfinance,2026-09-11T01:53:23.344381
2024-07-31 00:00:00-04:00,20.964014522734118,20.99859513197279,20.730600357055664,20.730600357055664,278900,0.154,0.0,smartcentres,yfinance,2026-09-11T01:53:23.344381
2024-08-01 00:00:00-04:00,20.791111916193085,20.88620692963261,20.54040912925339,20.600923538208008,334400,0.0,0.0,smartcentres,yfinance,2026-09-11T01:53:23.344381
2024-08-02 00:00:00-04:00,20.566345402418975,20.63550496525161,20.229191090827584,20.549055099487305,238200,0.0,0.0,smartcentres,yfinance,2026-09-11T01:53:23.344381
2024-08-06 00:00:00-04:00,19.943904177293696,20.903494385461563,19.943904177293696,20.791109085083008,343700,0.0,0.0,smartcentres,yfinance,2026-09-11T01:53:23.344381
2024-08-07 00:00:00-04:00,20.92078836804799,20.92943187061978,20.43666977932549,20.549055099487305,213400,0.0,0.0,smartcentres,yfinance,2026-09-11T01:53:23.344381
2024-08-08 00:00:00-04:00,20.479893054316296,20.791110224893952,20.479893054316296,20.644145965576172,202400,0.0,0.0,smartcentres,yfinance,2026-09-11T01:53:23.344381
2024-08-09 00:00:00-04:00,20.773824395498703,20.773824395498703,20.376155666709973,20.713308334350586,102000,0.0,0.0,smartcentres,yfinance,2026-09-11T01:53:23.344381
2024-08-12 00:00:00-04:00,20.6614384736391,20.730598035477207,20.462604939466296,20.70466423034668,227000,0.0,0.0,smartcentres,yfinance,2026-09-11T01:53:23.344381
2024-08-13 00:00:00-04:00,20.78246332717774,20.877556668447916,20.497178356686504,20.626853942871094,345300,0.0,0.0,smartcentres,yfinance,2026-09-11T01:53:23.344381
2024-08-14 00:00:00-04:00,20.721955015719686,20.808404889133573,20.514476308862868,20.74789047241211,161800,0.0,0.0,smartcentres,yfinance,2026-09-11T01:53:23.344381
2024-08-15 00:00:00-04:00,20.747885474559016,20.912140029589537,20.713304873965733,20.834335327148438,304500,0.0,0.0,smartcentres,yfinance,2026-09-11T01:53:23.344381
2024-08-16 00:00:00-04:00,20.825691940018842,20.912141799926758,20.721951778350554,20.912141799926758,168000,0.0,0.0,smartcentres,yfinance,2026-09-11T01:53:23.344381
2024-08-19 00:00:00-04:00,20.92078870874617,21.093686794196408,20.912143557139547,20.989948272705078,238300,0.0,0.0,smartcentres,yfinance,2026-09-11T01:53:23.344381
2024-08-20 00:00:00-04:00,21.00723401697932,21.085038721766892,20.972655064236978,21.059104919433594,110100,0.0,0.0,smartcentres,yfinance,2026-09-11T01:53:23.344381
2024-08-21 00:00:00-04:00,21.00723433745518,21.266583907001532,20.955365083103455,21.223358154296875,209900,0.0,0.0,smartcentres,yfinance,2026-09-11T01:53:23.344381
2024-08-22 00:00:00-04:00,21.266581443478103,21.292515243202857,21.154196148358583,21.275226593017578,131700,0.0,0.0,smartcentres,yfinance,2026-09-11T01:53:23.344381
2024-08-23 00:00:00-04:00,21.30980319293641,21.84579086303711,21.231998504552543,21.84579086303711,296100,0.0,0.0,smartcentres,yfinance,2026-09-11T01:53:23.344381
2024-08-26 00:00:00-04:00,21.83715142010703,22.122434802422813,21.811215967571442,22.105144500732422,215000,0.0,0.0,smartcentres,yfinance,2026-09-11T01:53:23.344381
2024-08-27 00:00:00-04:00,22.096497135182577,22.563325340670023,22.018692434268004,22.459585189819336,356900,0.0,0.0,smartcentres,yfinance,2026-09-11T01:53:23.344381
2024-08-28 00:00:00-04:00,22.364489775171013,22.442292820016075,22.096495097229543,22.278039932250977,309800,0.0,0.0,smartcentres,yfinance,2026-09-11T01:53:23.344381
2024-08-29 00:00:00-04:00,22.278044939866717,22.52010257577973,22.139725819661,22.19159507751465,319500,0.0,0.0,smartcentres,yfinance,2026-09-11T01:53:23.344381
2024-08-30 00:00:00-04:00,22.229860190043997,22.3777114422847,22.17767788303129,22.212467193603516,296000,0.154,0.0,smartcentres,yfinance,2026-09-11T01:53:23.344381
2024-09-03 00:00:00-04:00,22.18637186542988,22.395102720854066,22.05591528814544,22.360313415527344,241000,0.0,0.0,smartcentres,yfinance,2026-09-11T01:53:23.344381
2024-09-04 00:00:00-04:00,22.28204327742601,22.812566971971357,22.28204327742601,22.708202362060547,492200,0.0,0.0,smartcentres,yfinance,2026-09-11T01:53:23.344381
2024-09-05 00:00:00-04:00,22.760382158406756,22.91693071486403,22.395102746288238,22.577741622924805,289000,0.0,0.0,smartcentres,yfinance,2026-09-11T01:53:23.344381
2024-09-06 00:00:00-04:00,22.656026447023116,22.690815768582993,22.247261871771496,22.403810501098633,206800,0.0,0.0,smartcentres,yfinance,2026-09-11T01:53:23.344381
2024-09-09 00:00:00-04:00,22.62123004846401,22.664715024774715,22.50816645590336,22.56035041809082,201000,0.0,0.0,smartcentres,yfinance,2026-09-11T01:53:23.344381
2024-09-10 00:00:00-04:00,22.62122955054334,22.85605239868164,22.560349921510184,22.85605239868164,194100,0.0,0.0,smartcentres,yfinance,2026-09-11T01:53:23.344381
2024-09-11 00:00:00-04:00,22.829962972464358,23.18654511856472,22.612534753678982,23.116968154907227,283600,0.0,0.0,smartcentres,yfinance,2026-09-11T01:53:23.344381
2024-09-12 00:00:00-04:00,23.11696385443042,23.27351240824828,23.05608422991133,23.082176208496094,225100,0.0,0.0,smartcentres,yfinance,2026-09-11T01:53:23.344381
2024-09-13 00:00:00-04:00,23.151759467174344,23.917106133555983,23.151759467174344,23.777952194213867,482900,0.0,0.0,smartcentres,yfinance,2026-09-11T01:53:23.344381
2024-09-16 00:00:00-04:00,23.699673721484537,23.777948005932863,23.473548195172214,23.54312515258789,288600,0.0,0.0,smartcentres,yfinance,2026-09-11T01:53:23.344381
2024-09-17 00:00:00-04:00,23.4909443888402,23.725767257575527,23.299608158118247,23.525732040405273,278000,0.0,0.0,smartcentres,yfinance,2026-09-11T01:53:23.344381
2024-09-18 00:00:00-04:00,23.4735491044574,23.66488533005084,23.37788016223789,23.586612701416016,225700,0.0,0.0,smartcentres,yfinance,2026-09-11T01:53:23.344381
2024-09-19 00:00:00-04:00,23.68227504487579,23.71706434709726,23.421361913595682,23.534423828125,262100,0.0,0.0,smartcentres,yfinance,2026-09-11T01:53:23.344381
2024-09-20 00:00:00-04:00,23.438759683796775,23.717067503223163,23.247421813807044,23.273513793945312,1048600,0.0,0.0,smartcentres,yfinance,2026-09-11T01:53:23.344381
2024-09-23 00:00:00-04:00,23.39527306628228,23.586610936403268,23.39527306628228,23.490942001342773,216300,0.0,0.0,smartcentres,yfinance,2026-09-11T01:53:23.344381
2024-09-24 00:00:00-04:00,23.377875794157088,23.743155181199164,22.977808762982338,23.343088150024414,684200,0.0,0.0,smartcentres,yfinance,2026-09-11T01:53:23.344381
2024-09-25 00:00:00-04:00,23.430065856850923,23.543127803314,23.360488891601562,23.360488891601562,292400,0.0,0.0,smartcentres,yfinance,2026-09-11T01:53:23.344381
2024-09-26 00:00:00-04:00,23.377880461005386,23.525731710486166,23.377880461005386,23.395275115966797,330900,0.0,0.0,smartcentres,yfinance,2026-09-11T01:53:23.344381
2024-09-27 00:00:00-04:00,23.529982159558823,23.599959735925513,23.35503905284062,23.363784790039062,340700,0.154,0.0,smartcentres,yfinance,2026-09-11T01:53:23.344381
2024-09-30 00:00:00-04:00,23.311305555719844,23.451260729651583,23.101372794822232,23.276317596435547,480000,0.0,0.0,smartcentres,yfinance,2026-09-11T01:53:23.344381
2024-10-01 00:00:00-04:00,23.293806157186545,23.39877335117432,23.197588036794443,23.346290588378906,201100,0.0,0.0,smartcentres,yfinance,2026-09-11T01:53:23.344381
2024-10-02 00:00:00-04:00,23.28506104152487,23.32879640028822,23.0226438837538,23.07512664794922,183100,0.0,0.0,smartcentres,yfinance,2026-09-11T01:53:23.344381
2024-10-03 00:00:00-04:00,22.961414907924677,23.013897674848753,22.61152701443572,22.698999404907227,397400,0.0,0.0,smartcentres,yfinance,2026-09-11T01:53:23.344381
2024-10-04 00:00:00-04:00,22.69024940154614,22.751479567347726,22.550294260171967,22.66400718688965,168300,0.0,0.0,smartcentres,yfinance,2026-09-11T01:53:23.344381
2024-10-07 00:00:00-04:00,22.733991147177242,22.733991147177242,22.34911356602639,22.55030059814453,202200,0.0,0.0,smartcentres,yfinance,2026-09-11T01:53:23.344381
2024-10-08 00:00:00-04:00,22.48031538512387,22.594028305243658,22.261635280865455,22.29662322998047,208800,0.0,0.0,smartcentres,yfinance,2026-09-11T01:53:23.344381
2024-10-09 00:00:00-04:00,22.375352641875228,22.436582816276598,22.27038543690351,22.279132843017578,205200,0.0,0.0,smartcentres,yfinance,2026-09-11T01:53:23.344381
2024-10-10 00:00:00-04:00,22.22664940748395,22.25289162503837,21.9554864996766,22.147924423217773,210100,0.0,0.0,smartcentres,yfinance,2026-09-11T01:53:23.344381
2024-10-11 00:00:00-04:00,22.15667226646372,22.48031961576902,22.15667226646372,22.340364456176758,278000,0.0,0.0,smartcentres,yfinance,2026-09-11T01:53:23.344381
2024-10-15 00:00:00-04:00,22.39284731390031,22.77772483852405,22.39284731390031,22.73398780822754,388700,0.0,0.0,smartcentres,yfinance,2026-09-11T01:53:23.344381
2024-10-16 00:00:00-04:00,22.795219023955948,23.10137157643383,22.7864716174969,22.908933639526367,232100,0.0,0.0,smartcentres,yfinance,2026-09-11T01:53:23.344381
2024-10-17 00:00:00-04:00,22.935170822974733,22.978907848848134,22.629019983845637,22.943918228149414,207200,0.0,0.0,smartcentres,yfinance,2026-09-11T01:53:23.344381
2024-10-18 00:00:00-04:00,22.978906858745933,23.06637923832683,22.81270950438191,22.821456909179688,125300,0.0,0.0,smartcentres,yfinance,2026-09-11T01:53:23.344381
2024-10-21 00:00:00-04:00,22.742732310810258,22.882687453097336,22.541547002322194,22.70774269104004,203200,0.0,0.0,smartcentres,yfinance,2026-09-11T01:53:23.344381
2024-10-22 00:00:00-04:00,22.585284475993866,22.86519478680944,22.585284475993866,22.803964614868164,251600,0.0,0.0,smartcentres,yfinance,2026-09-11T01:53:23.344381
2024-10-23 00:00:00-04:00,22.82145698137865,22.952664716966655,22.68150184096519,22.716489791870117,227200,0.0,0.0,smartcentres,yfinance,2026-09-11T01:53:23.344381
2024-10-24 00:00:00-04:00,22.917677230955697,22.917677230955697,22.567787704427527,22.65526008605957,212900,0.0,0.0,smartcentres,yfinance,2026-09-11T01:53:23.344381
2024-10-25 00:00:00-04:00,22.751478179380353,22.81270834144656,22.349105921178904,22.40159034729004,278100,0.0,0.0,smartcentres,yfinance,2026-09-11T01:53:23.344381
2024-10-28 00:00:00-04:00,22.384099797607377,22.655262710521917,22.37535239159115,22.436582565307617,179500,0.0,0.0,smartcentres,yfinance,2026-09-11T01:53:23.344381
2024-10-29 00:00:00-04:00,22.349106516289396,22.462821107494722,22.086691052333276,22.13042640686035,415900,0.0,0.0,smartcentres,yfinance,2026-09-11T01:53:23.344381
2024-10-30 00:00:00-04:00,22.086690599134748,22.244140541636423,21.999218223478618,22.09543800354004,183700,0.0,0.0,smartcentres,yfinance,2026-09-11T01:53:23.344381
2024-10-31 00:00:00-04:00,22.16056867685373,22.16056867685373,21.861339263023424,21.922945022583008,351700,0.154,0.0,smartcentres,yfinance,2026-09-11T01:53:23.344381
2024-11-01 00:00:00-04:00,22.01975328405035,22.01975328405035,21.51810450617758,21.63251495361328,480400,0.0,0.0,smartcentres,yfinance,2026-09-11T01:53:23.344381
2024-11-04 00:00:00-05:00,21.570908797039067,21.905340749846182,21.570908797039067,21.89653968811035,172500,0.0,0.0,smartcentres,yfinance,2026-09-11T01:53:23.344381
2024-11-05 00:00:00-05:00,21.89654042351176,22.054956182815367,21.773328912333817,22.002151489257812,267500,0.0,0.0,smartcentres,yfinance,2026-09-11T01:53:23.344381
2024-11-06 00:00:00-05:00,22.002153147243718,22.03735739802222,21.63251690722478,21.94934844970703,679200,0.0,0.0,smartcentres,yfinance,2026-09-11T01:53:23.344381
2024-11-07 00:00:00-05:00,21.878944566490564,22.23097872842044,21.878944566490564,22.046159744262695,226700,0.0,0.0,smartcentres,yfinance,2026-09-11T01:53:23.344381
2024-11-08 00:00:00-05:00,22.09016178771498,22.16056860965974,22.002152840626266,22.010953903198242,127500,0.0,0.0,smartcentres,yfinance,2026-09-11T01:53:23.344381
2024-11-11 00:00:00-05:00,22.05495153895279,22.283774067696204,21.95814323425293,21.95814323425293,320800,0.0,0.0,smartcentres,yfinance,2026-09-11T01:53:23.344381
2024-11-12 00:00:00-05:00,22.21337226005586,22.21337226005586,21.852537104757925,21.966947555541992,205400,0.0,0.0,smartcentres,yfinance,2026-09-11T01:53:23.344381
2024-11-13 00:00:00-05:00,21.8877421460988,22.002152601026488,21.79973319996849,21.98455047607422,146200,0.0,0.0,smartcentres,yfinance,2026-09-11T01:53:23.344381
2024-11-14 00:00:00-05:00,22.178165279539456,22.178165279539456,21.8437316985907,21.975744247436523,164600,0.0,0.0,smartcentres,yfinance,2026-09-11T01:53:23.344381
2024-11-15 00:00:00-05:00,22.037357024626,22.213373239642927,21.922944890165507,22.098962783813477,292300,0.0,0.0,smartcentres,yfinance,2026-09-11T01:53:23.344381
2024-11-18 00:00:00-05:00,22.538998795256344,22.66221027512438,22.327778396069487,22.433387756347656,305100,0.0,0.0,smartcentres,yfinance,2026-09-11T01:53:23.344381
2024-11-19 00:00:00-05:00,22.30137965874804,22.30137965874804,22.019752403736774,22.222171783447266,278000,0.0,0.0,smartcentres,yfinance,2026-09-11T01:53:23.344381
2024-11-20 00:00:00-05:00,22.142963908146488,22.23977390654318,22.019752403736774,22.222171783447266,415600,0.0,0.0,smartcentres,yfinance,2026-09-11T01:53:23.344381
2024-11-21 00:00:00-05:00,22.213371021324736,22.318982082692973,22.13416314495628,22.160566329956055,553400,0.0,0.0,smartcentres,yfinance,2026-09-11T01:53:23.344381
2024-11-22 00:00:00-05:00,22.15176718599705,22.450996594042383,22.15176718599705,22.186969757080078,531300,0.0,0.0,smartcentres,yfinance,2026-09-11T01:53:23.344381
2024-11-25 00:00:00-05:00,22.547803893077113,22.75902433009087,22.310180271950077,22.57420539855957,556200,0.0,0.0,smartcentres,yfinance,2026-09-11T01:53:23.344381
2024-11-26 00:00:00-05:00,22.539003227840112,22.591807918363916,21.940544473134178,22.3101806640625,460400,0.0,0.0,smartcentres,yfinance,2026-09-11T01:53:23.344381
2024-11-27 00:00:00-05:00,22.41579484634141,22.591812757296434,22.380592271329128,22.46860122680664,205200,0.0,0.0,smartcentres,yfinance,2026-09-11T01:53:23.344381
2024-11-28 00:00:00-05:00,22.6710150970725,22.75902403099601,22.53900253550264,22.63581085205078,163400,0.0,0.0,smartcentres,yfinance,2026-09-11T01:53:23.344381
2024-11-29 00:00:00-05:00,22.612795240396306,22.851848557423686,22.612795240396306,22.763309478759766,179800,0.154,0.0,smartcentres,yfinance,2026-09-11T01:53:23.344381
2024-12-02 00:00:00-05:00,22.665917811638995,22.75445688951987,22.47113150255258,22.603940963745117,225500,0.0,0.0,smartcentres,yfinance,2026-09-11T01:53:23.344381
2024-12-03 00:00:00-05:00,22.60394276824599,23.06434297024445,22.60394276824599,22.869558334350586,732700,0.0,0.0,smartcentres,yfinance,2026-09-11T01:53:23.344381
2024-12-04 00:00:00-05:00,22.781018048171333,23.020073058305783,22.772163971269038,22.922679901123047,405500,0.0,0.0,smartcentres,yfinance,2026-09-11T01:53:23.344381
2024-12-05 00:00:00-05:00,22.940389303117648,23.04663654298361,22.842996140635734,22.958097457885742,341900,0.0,0.0,smartcentres,yfinance,2026-09-11T01:53:23.344381
2024-12-06 00:00:00-05:00,23.020071685746522,23.064340378876,22.904972070364444,22.984655380249023,173100,0.0,0.0,smartcentres,yfinance,2026-09-11T01:53:23.344381
2024-12-09 00:00:00-05:00,22.96695041901672,23.090904118883714,22.64821040365301,22.745603561401367,426500,0.0,0.0,smartcentres,yfinance,2026-09-11T01:53:23.344381
2024-12-10 00:00:00-05:00,22.754459179158623,22.80758195573558,22.55967285047208,22.674774169921875,381600,0.0,0.0,smartcentres,yfinance,2026-09-11T01:53:23.344381
2024-12-11 00:00:00-05:00,22.70133013089174,22.78101512404167,22.47112922720775,22.53310775756836,365600,0.0,0.0,smartcentres,yfinance,2026-09-11T01:53:23.344381
2024-12-12 00:00:00-05:00,22.453424828667526,22.657063523775577,22.391447981351376,22.524255752563477,438700,0.0,0.0,smartcentres,yfinance,2026-09-11T01:53:23.344381
2024-12-13 00:00:00-05:00,22.497697436512336,22.57738245085005,22.294058705979396,22.338327407836914,320400,0.0,0.0,smartcentres,yfinance,2026-09-11T01:53:23.344381
2024-12-16 00:00:00-05:00,22.267492622783816,22.586232625041898,22.232078005167605,22.249784469604492,396700,0.0,0.0,smartcentres,yfinance,2026-09-11T01:53:23.344381
2024-12-17 00:00:00-05:00,22.240934592966198,22.524258320855527,22.13468735063639,22.488842010498047,580200,0.0,0.0,smartcentres,yfinance,2026-09-11T01:53:23.344381
2024-12-18 00:00:00-05:00,22.364883252731808,22.630498765478173,22.010728672822573,22.019582748413086,456100,0.0,0.0,smartcentres,yfinance,2026-09-11T01:53:23.344381
2024-12-19 00:00:00-05:00,21.94875226677155,22.001875032623612,21.541473225259665,21.55032730102539,573900,0.0,0.0,smartcentres,yfinance,2026-09-11T01:53:23.344381
2024-12-20 00:00:00-05:00,21.3909587386112,22.125830188660004,21.346690045578125,22.099267959594727,728700,0.0,0.0,smartcentres,yfinance,2026-09-11T01:53:23.344381
2024-12-23 00:00:00-05:00,22.081562998461724,22.081562998461724,21.709700209951407,21.86021614074707,374100,0.0,0.0,smartcentres,yfinance,2026-09-11T01:53:23.344381
2024-12-24 00:00:00-05:00,21.895633697509766,21.90448777565538,21.789388137247872,21.895633697509766,132600,0.0,0.0,smartcentres,yfinance,2026-09-11T01:53:23.344381
2024-12-27 00:00:00-05:00,21.736261079688955,22.028438868726273,21.736261079688955,21.84250831604004,214100,0.0,0.0,smartcentres,yfinance,2026-09-11T01:53:23.344381
2024-12-30 00:00:00-05:00,21.860216524282666,21.860216524282666,21.479499652135015,21.488353729248047,403400,0.0,0.0,smartcentres,yfinance,2026-09-11T01:53:23.344381
2024-12-31 00:00:00-05:00,21.6701213398806,21.919613483424882,21.616659344666175,21.79486656188965,260600,0.154,0.0,smartcentres,yfinance,2026-09-11T01:53:23.344381
2025-01-02 00:00:00-05:00,21.901798248291016,22.062185977372682,21.83942562020962,21.901798248291016,243900,0.0,0.0,smartcentres,yfinance,2026-09-11T01:53:23.344381
2025-01-03 00:00:00-05:00,21.901796737186952,22.195840320373726,21.901796737186952,22.18692970275879,287200,0.0,0.0,smartcentres,yfinance,2026-09-11T01:53:23.344381
2025-01-06 00:00:00-05:00,22.267121072626697,22.32058307281351,21.88397305564746,22.07109260559082,271000,0.0,0.0,smartcentres,yfinance,2026-09-11T01:53:23.344381
2025-01-07 00:00:00-05:00,22.11564762052143,22.195841483732558,21.83051464000481,21.928529739379883,296400,0.0,0.0,smartcentres,yfinance,2026-09-11T01:53:23.344381
2025-01-08 00:00:00-05:00,21.848333254887407,21.87506340639972,21.518647223515423,21.777050018310547,285400,0.0,0.0,smartcentres,yfinance,2026-09-11T01:53:23.344381
2025-01-09 00:00:00-05:00,21.77704702983563,21.830509025050052,21.705763803041002,21.79486656188965,100400,0.0,0.0,smartcentres,yfinance,2026-09-11T01:53:23.344381
2025-01-10 00:00:00-05:00,21.73249919868677,21.75923105251208,21.518649466664055,21.750320434570312,263100,0.0,0.0,smartcentres,yfinance,2026-09-11T01:53:23.344381
2025-01-13 00:00:00-05:00,21.74140806621035,21.76813991788346,21.447364495911977,21.58102035522461,370000,0.0,0.0,smartcentres,yfinance,2026-09-11T01:53:23.344381
2025-01-14 00:00:00-05:00,21.652302871730623,21.696855956367333,21.438453164053634,21.634483337402344,285700,0.0,0.0,smartcentres,yfinance,2026-09-11T01:53:23.344381
2025-01-15 00:00:00-05:00,21.812687840667017,22.09782074846248,21.73249399790877,21.759225845336914,327700,0.0,0.0,smartcentres,yfinance,2026-09-11T01:53:23.344381
2025-01-16 00:00:00-05:00,21.670122305758753,21.857241846638782,21.563198310564104,21.705764770507812,186700,0.0,0.0,smartcentres,yfinance,2026-09-11T01:53:23.344381
2025-01-17 00:00:00-05:00,21.866156107049303,21.866156107049303,21.509738198263005,21.563201904296875,333500,0.0,0.0,smartcentres,yfinance,2026-09-11T01:53:23.344381
2025-01-20 00:00:00-05:00,21.527559018957493,21.670125499915372,21.491918248481284,21.625574111938477,99600,0.0,0.0,smartcentres,yfinance,2026-09-11T01:53:23.344381
2025-01-21 00:00:00-05:00,21.6077529765017,21.759230075658238,21.59884235895996,21.696857452392578,122600,0.0,0.0,smartcentres,yfinance,2026-09-11T01:53:23.344381
2025-01-22 00:00:00-05:00,21.687945128409027,21.723585896245194,21.44736357229095,21.49191665649414,541200,0.0,0.0,smartcentres,yfinance,2026-09-11T01:53:23.344381
2025-01-23 00:00:00-05:00,21.491912279984778,21.61665749129843,21.420629059301827,21.51864242553711,304700,0.0,0.0,smartcentres,yfinance,2026-09-11T01:53:23.344381
2025-01-24 00:00:00-05:00,21.563197236631428,21.78595753163991,21.554286620887947,21.723583221435547,196900,0.0,0.0,smartcentres,yfinance,2026-09-11T01:53:23.344381
2025-01-27 00:00:00-05:00,21.714671936011463,22.026534955376185,21.714671936011463,21.91961097717285,243600,0.0,0.0,smartcentres,yfinance,2026-09-11T01:53:23.344381
2025-01-28 00:00:00-05:00,21.955257518808406,22.12455584499662,21.875063664273274,22.026540756225586,369200,0.0,0.0,smartcentres,yfinance,2026-09-11T01:53:23.344381
2025-01-29 00:00:00-05:00,21.919617737803108,22.088916071621775,21.56320153465316,21.732498168945312,370500,0.0,0.0,smartcentres,yfinance,2026-09-11T01:53:23.344381
2025-01-30 00:00:00-05:00,21.848333512445855,22.213660316649705,21.83051227820995,22.026540756225586,338500,0.0,0.0,smartcentres,yfinance,2026-09-11T01:53:23.344381
2025-01-31 00:00:00-05:00,21.976329456782224,22.1915197460679,21.958396505129983,22.021160125732422,236500,0.154,0.0,smartcentres,yfinance,2026-09-11T01:53:23.344381
2025-02-03 00:00:00-05:00,20.93624286366973,21.662510326683154,20.93624286366973,21.599746704101562,668300,0.0,0.0,smartcentres,yfinance,2026-09-11T01:53:23.344381
2025-02-04 00:00:00-05:00,21.71630561542835,21.976328269800323,21.644575522874067,21.922531127929688,430400,0.0,0.0,smartcentres,yfinance,2026-09-11T01:53:23.344381
2025-02-05 00:00:00-05:00,21.86873015331035,22.379807226927273,21.86873015331035,22.281179428100586,356900,0.0,0.0,smartcentres,yfinance,2026-09-11T01:53:23.344381
2025-02-06 00:00:00-05:00,22.281181276863865,22.37980908387411,22.182551759673334,22.299114227294922,222700,0.0,0.0,smartcentres,yfinance,2026-09-11T01:53:23.344381
2025-02-07 00:00:00-05:00,22.182551759673334,22.317045467545697,22.11082166812939,22.299114227294922,222300,0.0,0.0,smartcentres,yfinance,2026-09-11T01:53:23.344381
2025-02-10 00:00:00-05:00,22.290147409275015,22.496371205519765,22.146687228393425,22.343944549560547,207500,0.0,0.0,smartcentres,yfinance,2026-09-11T01:53:23.344381
2025-02-11 00:00:00-05:00,22.352909513692786,22.37084246263587,22.191516393565305,22.281179428100586,136300,0.0,0.0,smartcentres,yfinance,2026-09-11T01:53:23.344381
2025-02-12 00:00:00-05:00,22.245318724744912,22.245318724744912,22.012195464588352,22.04806137084961,224800,0.0,0.0,smartcentres,yfinance,2026-09-11T01:53:23.344381
2025-02-13 00:00:00-05:00,22.299117674982714,22.783295440218456,22.119791563306933,22.675701141357422,362200,0.0,0.0,smartcentres,yfinance,2026-09-11T01:53:23.344381
2025-02-14 00:00:00-05:00,22.92675031965498,22.998480405626445,22.559133415278684,22.594999313354492,369100,0.0,0.0,smartcentres,yfinance,2026-09-11T01:53:23.344381
2025-02-18 00:00:00-05:00,22.586039748230508,23.06125107184792,22.57707327096858,23.00745391845703,378200,0.0,0.0,smartcentres,yfinance,2026-09-11T01:53:23.344381
2025-02-19 00:00:00-05:00,23.08814433131017,23.159874420048776,22.837088165634928,23.079177856445312,346800,0.0,0.0,smartcentres,yfinance,2026-09-11T01:53:23.344381
2025-02-20 00:00:00-05:00,23.070216563926245,23.222643250508472,22.917789877344017,23.177812576293945,326600,0.0,0.0,smartcentres,yfinance,2026-09-11T01:53:23.344381
2025-02-21 00:00:00-05:00,23.061250501488274,23.249543098970467,22.684667016704516,22.79226303100586,509400,0.0,0.0,smartcentres,yfinance,2026-09-11T01:53:23.344381
2025-02-24 00:00:00-05:00,22.783294118659555,22.980551461916445,22.684664591940884,22.89089012145996,284300,0.0,0.0,smartcentres,yfinance,2026-09-11T01:53:23.344381
2025-02-25 00:00:00-05:00,22.971586473998244,23.446797730474373,22.971586473998244,23.23160743713379,682900,0.0,0.0,smartcentres,yfinance,2026-09-11T01:53:23.344381
2025-02-26 00:00:00-05:00,23.28540098925776,23.57232304627792,23.28540098925776,23.509557723999023,304700,0.0,0.0,smartcentres,yfinance,2026-09-11T01:53:23.344381
2025-02-27 00:00:00-05:00,23.47369998777104,23.54543009419695,23.079183547338243,23.088150024414062,318100,0.0,0.0,smartcentres,yfinance,2026-09-11T01:53:23.344381
2025-02-28 00:00:00-05:00,23.12783563985258,23.172937756749157,22.92037106353786,22.99253273010254,363700,0.154,0.0,smartcentres,yfinance,2026-09-11T01:53:23.344381
2025-03-03 00:00:00-05:00,22.857229836030363,23.227058592486742,22.857229836030363,23.136856079101562,275900,0.0,0.0,smartcentres,yfinance,2026-09-11T01:53:23.344381
2025-03-04 00:00:00-05:00,23.001552780315148,23.172937380801983,22.505441545790394,23.055673599243164,394900,0.0,0.0,smartcentres,yfinance,2026-09-11T01:53:23.344381
2025-03-05 00:00:00-05:00,22.992532965270726,23.497664636389977,22.9113508744964,23.452564239501953,375200,0.0,0.0,smartcentres,yfinance,2026-09-11T01:53:23.344381
2025-03-06 00:00:00-05:00,23.172940064198475,23.461586759199232,23.055676269060662,23.335304260253906,400500,0.0,0.0,smartcentres,yfinance,2026-09-11T01:53:23.344381
2025-03-07 00:00:00-05:00,23.281181714588755,23.60591010669961,23.227060889393616,23.335304260253906,261600,0.0,0.0,smartcentres,yfinance,2026-09-11T01:53:23.344381
2025-03-10 00:00:00-04:00,23.25412390455837,23.389426837918894,22.875274658866818,22.902334213256836,385200,0.0,0.0,smartcentres,yfinance,2026-09-11T01:53:23.344381
2025-03-11 00:00:00-04:00,23.109797840263223,23.109797840263223,22.523482330237126,22.712907791137695,332500,0.0,0.0,smartcentres,yfinance,2026-09-11T01:53:23.344381
2025-03-12 00:00:00-04:00,22.785069279080258,22.92037219551254,22.586625116344234,22.830169677734375,245700,0.0,0.0,smartcentres,yfinance,2026-09-11T01:53:23.344381
2025-03-13 00:00:00-04:00,22.758008569628018,23.0015548575026,22.541523553896152,22.64976692199707,322900,0.0,0.0,smartcentres,yfinance,2026-09-11T01:53:23.344381
2025-03-14 00:00:00-04:00,22.893311684657856,22.92939338115589,22.559564594400953,22.703887939453125,329100,0.0,0.0,smartcentres,yfinance,2026-09-11T01:53:23.344381
2025-03-17 00:00:00-04:00,22.71290383788592,22.99253004814844,22.685842570904526,22.947429656982422,270200,0.0,0.0,smartcentres,yfinance,2026-09-11T01:53:23.344381
2025-03-18 00:00:00-04:00,22.875272556878823,23.010575477806483,22.595644570429005,22.703887939453125,317100,0.0,0.0,smartcentres,yfinance,2026-09-11T01:53:23.344381
2025-03-19 00:00:00-04:00,22.604665945116434,22.866253094317397,22.514463420548168,22.63172721862793,287900,0.0,0.0,smartcentres,yfinance,2026-09-11T01:53:23.344381
2025-03-20 00:00:00-04:00,22.568581963571134,22.685844020376816,22.37915652353764,22.57760238647461,513900,0.0,0.0,smartcentres,yfinance,2026-09-11T01:53:23.344381
2025-03-21 00:00:00-04:00,22.47838249775036,22.703887939453125,22.288957032075647,22.703887939453125,651600,0.0,0.0,smartcentres,yfinance,2026-09-11T01:53:23.344381
2025-03-24 00:00:00-04:00,22.776049238881527,22.920372581569517,22.65878716812377,22.911352157592773,266000,0.0,0.0,smartcentres,yfinance,2026-09-11T01:53:23.344381
2025-03-25 00:00:00-04:00,22.920371999299917,23.118816160337133,22.76702823653073,22.77604866027832,208500,0.0,0.0,smartcentres,yfinance,2026-09-11T01:53:23.344381
2025-03-26 00:00:00-04:00,22.77604750542464,22.974491656399795,22.6136833271405,22.67682456970215,228200,0.0,0.0,smartcentres,yfinance,2026-09-11T01:53:23.344381
2025-03-27 00:00:00-04:00,22.83919105424888,22.9925348247272,22.730949404775945,22.75800895690918,146300,0.0,0.0,smartcentres,yfinance,2026-09-11T01:53:23.344381
2025-03-28 00:00:00-04:00,22.803111267863958,22.803111267863958,22.550544549539907,22.785070419311523,184300,0.0,0.0,smartcentres,yfinance,2026-09-11T01:53:23.344381
2025-03-31 00:00:00-04:00,22.84315336666875,23.133570612755353,22.815926100714385,22.95206069946289,422900,0.154,0.0,smartcentres,yfinance,2026-09-11T01:53:23.344381
2025-04-01 00:00:00-04:00,22.970210897412684,23.169874056001014,22.825002271724824,23.14264678955078,299800,0.0,0.0,smartcentres,yfinance,2026-09-11T01:53:23.344381
2025-04-02 00:00:00-04:00,23.060968265588063,23.115421071111808,22.924835386266963,23.033740997314453,165600,0.0,0.0,smartcentres,yfinance,2026-09-11T01:53:23.344381
2025-04-03 00:00:00-04:00,22.88852882385254,23.088191964948656,22.72517043253282,22.88852882385254,287700,0.0,0.0,smartcentres,yfinance,2026-09-11T01:53:23.344381
2025-04-04 00:00:00-04:00,22.716097148629128,22.78870146300932,22.18971543661688,22.371225357055664,596200,0.0,0.0,smartcentres,yfinance,2026-09-11T01:53:23.344381
2025-04-07 00:00:00-04:00,21.445516248037087,22.13525801002827,21.309383392741378,21.96282386779785,633100,0.0,0.0,smartcentres,yfinance,2026-09-11T01:53:23.344381
2025-04-08 00:00:00-04:00,22.226011598039047,22.353068686120942,21.490892868243368,21.68147850036621,539800,0.0,0.0,smartcentres,yfinance,2026-09-11T01:53:23.344381
2025-04-09 00:00:00-04:00,21.33661036841071,22.398449395031683,21.0371173983906,22.362146377563477,654400,0.0,0.0,smartcentres,yfinance,2026-09-11T01:53:23.344381
2025-04-10 00:00:00-04:00,22.253238858780737,22.334918909982814,21.381985556299604,21.68147850036621,593900,0.0,0.0,smartcentres,yfinance,2026-09-11T01:53:23.344381
2025-04-11 00:00:00-04:00,21.690558571982773,22.2623190442202,21.55442570321974,21.817617416381836,297200,0.0,0.0,smartcentres,yfinance,2026-09-11T01:53:23.344381
2025-04-14 00:00:00-04:00,22.262316339611868,22.38937343755165,21.99912465842445,22.25324058532715,222500,0.0,0.0,smartcentres,yfinance,2026-09-11T01:53:23.344381
2025-04-15 00:00:00-04:00,22.262321136809636,22.7251743189294,22.262321136809636,22.634418487548828,360500,0.0,0.0,smartcentres,yfinance,2026-09-11T01:53:23.344381
2025-04-16 00:00:00-04:00,22.57088442426499,23.142643079882518,22.57088442426499,22.743318557739258,329100,0.0,0.0,smartcentres,yfinance,2026-09-11T01:53:23.344381
2025-04-17 00:00:00-04:00,22.779623212372343,23.12449323515017,22.779623212372343,23.11541748046875,611400,0.0,0.0,smartcentres,yfinance,2026-09-11T01:53:23.344381
2025-04-21 00:00:00-04:00,23.024663112204415,23.07911590859925,22.54365850615102,22.725170135498047,183600,0.0,0.0,smartcentres,yfinance,2026-09-11T01:53:23.344381
2025-04-22 00:00:00-04:00,22.879456792233917,23.07911996582031,22.815928230101335,22.83407974243164,190800,0.0,0.0,smartcentres,yfinance,2026-09-11T01:53:23.344381
2025-04-23 00:00:00-04:00,23.070042514357638,23.070042514357638,22.77962526250795,22.91575813293457,122300,0.0,0.0,smartcentres,yfinance,2026-09-11T01:53:23.344381
2025-04-24 00:00:00-04:00,22.806849979188357,22.98836162058963,22.770548689522084,22.84315299987793,216300,0.0,0.0,smartcentres,yfinance,2026-09-11T01:53:23.344381
2025-04-25 00:00:00-04:00,22.852229896211142,23.115419885260145,22.797777093480896,23.051891326904297,167000,0.0,0.0,smartcentres,yfinance,2026-09-11T01:53:23.344381
2025-04-28 00:00:00-04:00,23.00651144994107,23.14264430553369,22.8885283723438,22.92483139038086,283300,0.0,0.0,smartcentres,yfinance,2026-09-11T01:53:23.344381
2025-04-29 00:00:00-04:00,22.91575704911404,23.033738402964183,22.77962418512594,22.988361358642578,183800,0.0,0.0,smartcentres,yfinance,2026-09-11T01:53:23.344381
2025-04-30 00:00:00-04:00,22.992009720969,23.27507209777832,22.864175436270244,23.27507209777832,237200,0.154,0.0,smartcentres,yfinance,2026-09-11T01:53:23.344381
2025-05-01 00:00:00-04:00,23.30246925354004,23.421172286158058,23.13810986867528,23.30246925354004,265700,0.0,0.0,smartcentres,yfinance,2026-09-11T01:53:23.344381
2025-05-02 00:00:00-04:00,23.412041164719803,23.412041164719803,23.211158438390843,23.256813049316406,159600,0.0,0.0,smartcentres,yfinance,2026-09-11T01:53:23.344381
2025-05-05 00:00:00-04:00,23.348123996438567,23.5124833822344,22.992013154955444,23.128978729248047,276200,0.0,0.0,smartcentres,yfinance,2026-09-11T01:53:23.344381
2025-05-06 00:00:00-04:00,23.12897952809004,23.36638734448244,23.065062373986667,23.183765411376953,373500,0.0,0.0,smartcentres,yfinance,2026-09-11T01:53:23.344381
2025-05-07 00:00:00-04:00,23.256809900600086,23.366383390242873,23.055927201468435,23.35725212097168,355200,0.0,0.0,smartcentres,yfinance,2026-09-11T01:53:23.344381
2025-05-08 00:00:00-04:00,23.375518458097076,23.421173070260505,22.93722791152564,23.165504455566406,352400,0.0,0.0,smartcentres,yfinance,2026-09-11T01:53:23.344381
2025-05-09 00:00:00-04:00,23.065061446692248,23.39378021642177,22.973750483810516,23.30246925354004,364300,0.0,0.0,smartcentres,yfinance,2026-09-11T01:53:23.344381
2025-05-12 00:00:00-04:00,23.448565321660894,23.56726835035137,23.384648172242045,23.439434051513672,368700,0.0,0.0,smartcentres,yfinance,2026-09-11T01:53:23.344381
2025-05-13 00:00:00-04:00,23.448566585741325,23.631186773695458,23.32073228001225,23.402910232543945,331100,0.0,0.0,smartcentres,yfinance,2026-09-11T01:53:23.344381
2025-05-14 00:00:00-04:00,23.393782604193472,23.485091834783255,23.128980958969688,23.21116065979004,392400,0.0,0.0,smartcentres,yfinance,2026-09-11T01:53:23.344381
2025-05-15 00:00:00-04:00,23.275075778943346,23.53074613038896,23.17463354415904,23.448566436767578,393000,0.0,0.0,smartcentres,yfinance,2026-09-11T01:53:23.344381
2025-05-16 00:00:00-04:00,23.42116872842466,23.740756179158712,23.366382855662437,23.685970306396484,306100,0.0,0.0,smartcentres,yfinance,2026-09-11T01:53:23.344381
2025-05-20 00:00:00-04:00,23.731629981430984,23.804678407927877,23.384650390973707,23.393781661987305,247800,0.0,0.0,smartcentres,yfinance,2026-09-11T01:53:23.344381
2025-05-21 00:00:00-04:00,23.34812352210422,23.366386062735355,23.074192379084128,23.1563720703125,362300,0.0,0.0,smartcentres,yfinance,2026-09-11T01:53:23.344381
2025-05-22 00:00:00-04:00,23.192901300234215,23.192901300234215,22.964624709205115,23.110721588134766,283700,0.0,0.0,smartcentres,yfinance,2026-09-11T01:53:23.344381
2025-05-23 00:00:00-04:00,23.07419316899372,23.302469709862407,22.96461966306756,23.147241592407227,211100,0.0,0.0,smartcentres,yfinance,2026-09-11T01:53:23.344381
2025-05-26 00:00:00-04:00,23.174629878879863,23.393776854951316,23.174629878879863,23.27507209777832,98100,0.0,0.0,smartcentres,yfinance,2026-09-11T01:53:23.344381
2025-05-27 00:00:00-04:00,23.293340221853484,23.71336825322259,23.293340221853484,23.64031982421875,343100,0.0,0.0,smartcentres,yfinance,2026-09-11T01:53:23.344381
2025-05-28 00:00:00-04:00,23.72249567102261,23.73162694086628,23.466827081846418,23.512481689453125,307400,0.0,0.0,smartcentres,yfinance,2026-09-11T01:53:23.344381
2025-05-29 00:00:00-04:00,23.631184607956897,23.92338001680577,23.55813619114759,23.749889373779297,271800,0.0,0.0,smartcentres,yfinance,2026-09-11T01:53:23.344381
2025-05-30 00:00:00-04:00,23.716822208222105,23.891346179522348,23.716822208222105,23.753564834594727,230300,0.154,0.0,smartcentres,yfinance,2026-09-11T01:53:23.344381
2025-06-02 00:00:00-04:00,23.771937301705698,23.88216344231288,23.6249702822195,23.680084228515625,229800,0.0,0.0,smartcentres,yfinance,2026-09-11T01:53:23.344381
2025-06-03 00:00:00-04:00,23.762752131593906,23.762752131593906,23.53311595686719,23.73519515991211,180000,0.0,0.0,smartcentres,yfinance,2026-09-11T01:53:23.344381
2025-06-04 00:00:00-04:00,23.735192912132764,23.735192912132764,23.505556759153137,23.5606689453125,179200,0.0,0.0,smartcentres,yfinance,2026-09-11T01:53:23.344381
2025-06-05 00:00:00-04:00,23.606600718772526,23.689269886231646,23.514745893597386,23.680084228515625,179900,0.0,0.0,smartcentres,yfinance,2026-09-11T01:53:23.344381
2025-06-06 00:00:00-04:00,23.73519515991211,23.744380817139373,23.53311595686719,23.73519515991211,137200,0.0,0.0,smartcentres,yfinance,2026-09-11T01:53:23.344381
2025-06-09 00:00:00-04:00,23.744381329924057,23.89134834476426,23.716824357647138,23.7811222076416,266800,0.0,0.0,smartcentres,yfinance,2026-09-11T01:53:23.344381
2025-06-10 00:00:00-04:00,23.836236233521014,23.863791453906934,23.624969615980522,23.6341552734375,283500,0.0,0.0,smartcentres,yfinance,2026-09-11T01:53:23.344381
2025-06-11 00:00:00-04:00,23.606599003938037,23.79030688895831,23.496372871337922,23.551485061645508,375900,0.0,0.0,smartcentres,yfinance,2026-09-11T01:53:23.344381
2025-06-12 00:00:00-04:00,23.569854672343375,23.76274995245675,23.49637117324895,23.716821670532227,182100,0.0,0.0,smartcentres,yfinance,2026-09-11T01:53:23.344381
2025-06-13 00:00:00-04:00,23.762751149697092,23.762751149697092,23.478001043372895,23.505558013916016,175800,0.0,0.0,smartcentres,yfinance,2026-09-11T01:53:23.344381
2025-06-16 00:00:00-04:00,23.569850258890607,23.716817229559904,23.505552428220852,23.514738082885742,129700,0.0,0.0,smartcentres,yfinance,2026-09-11T01:53:23.344381
2025-06-17 00:00:00-04:00,23.514743087266996,23.514743087266996,23.211623426753928,23.303478240966797,257200,0.0,0.0,smartcentres,yfinance,2026-09-11T01:53:23.344381
2025-06-18 00:00:00-04:00,23.202440311391435,23.48718868985215,23.202440311391435,23.358592987060547,124400,0.0,0.0,smartcentres,yfinance,2026-09-11T01:53:23.344381
2025-06-19 00:00:00-04:00,23.349401880599107,23.551481045254985,23.349401880599107,23.3769588470459,57200,0.0,0.0,smartcentres,yfinance,2026-09-11T01:53:23.344381
2025-06-20 00:00:00-04:00,23.551487144197594,23.551487144197594,23.211626563266027,23.257553100585938,576800,0.0,0.0,smartcentres,yfinance,2026-09-11T01:53:23.344381
2025-06-23 00:00:00-04:00,23.303480793290582,23.50556000510382,23.275923820413073,23.358592987060547,268800,0.0,0.0,smartcentres,yfinance,2026-09-11T01:53:23.344381
2025-06-24 00:00:00-04:00,23.56985606719999,23.56985606719999,23.312662929156485,23.36777687072754,207900,0.0,0.0,smartcentres,yfinance,2026-09-11T01:53:23.344381
2025-06-25 00:00:00-04:00,23.477999646447806,23.477999646447806,23.202436965352014,23.248363494873047,233700,0.0,0.0,smartcentres,yfinance,2026-09-11T01:53:23.344381
2025-06-26 00:00:00-04:00,23.29429106221902,23.34021759033203,23.1748792859496,23.34021759033203,234100,0.0,0.0,smartcentres,yfinance,2026-09-11T01:53:23.344381
2025-06-27 00:00:00-04:00,23.34021922897831,23.52392885829754,23.294292697640937,23.321847915649414,387700,0.0,0.0,smartcentres,yfinance,2026-09-11T01:53:23.344381
2025-06-30 00:00:00-04:00,23.445684007381818,23.68596143298167,23.288578452073565,23.648996353149414,349400,0.154,0.0,smartcentres,yfinance,2026-09-11T01:53:23.344381
2025-07-02 00:00:00-04:00,23.695203664091512,23.695203664091512,23.445684522383704,23.612030029296875,213100,0.0,0.0,smartcentres,yfinance,2026-09-11T01:53:23.344381
2025-07-03 00:00:00-04:00,23.538100756770387,23.74141489258222,23.51961909570447,23.602792739868164,252300,0.0,0.0,smartcentres,yfinance,2026-09-11T01:53:23.344381
2025-07-04 00:00:00-04:00,23.61203108962163,23.98169248872058,23.61203108962163,23.935483932495117,285200,0.0,0.0,smartcentres,yfinance,2026-09-11T01:53:23.344381
2025-07-07 00:00:00-04:00,24.009413638721426,24.05562219067224,23.630512326104906,23.65823745727539,256100,0.0,0.0,smartcentres,yfinance,2026-09-11T01:53:23.344381
2025-07-08 00:00:00-04:00,23.658238032673378,23.704444823071974,23.547339267970262,23.593547821044922,216400,0.0,0.0,smartcentres,yfinance,2026-09-11T01:53:23.344381
2025-07-09 00:00:00-04:00,23.68596195326143,23.732170507411844,23.565823237822567,23.612030029296875,168700,0.0,0.0,smartcentres,yfinance,2026-09-11T01:53:23.344381
2025-07-10 00:00:00-04:00,23.704448761347955,23.8338309687766,23.593551740896384,23.676725387573242,203800,0.0,0.0,smartcentres,yfinance,2026-09-11T01:53:23.344381
2025-07-11 00:00:00-04:00,23.612030922615084,23.806103332036987,23.51961733617017,23.741413116455078,252000,0.0,0.0,smartcentres,yfinance,2026-09-11T01:53:23.344381
2025-07-14 00:00:00-04:00,23.75989560612902,24.00941652866948,23.75989560612902,23.89851951599121,218900,0.0,0.0,smartcentres,yfinance,2026-09-11T01:53:23.344381
2025-07-15 00:00:00-04:00,23.880036505917403,23.99093352051329,23.73217264467204,23.778379440307617,277800,0.0,0.0,smartcentres,yfinance,2026-09-11T01:53:23.344381
2025-07-16 00:00:00-04:00,23.82458562820114,23.95396605324911,23.80610220671541,23.926240921020508,256600,0.0,0.0,smartcentres,yfinance,2026-09-11T01:53:23.344381
2025-07-17 00:00:00-04:00,23.92624418879964,24.055626394194356,23.852312255435372,23.90776252746582,308000,0.0,0.0,smartcentres,yfinance,2026-09-11T01:53:23.344381
2025-07-18 00:00:00-04:00,23.963210318601373,23.963210318601373,23.815346456304574,23.833829879760742,211300,0.0,0.0,smartcentres,yfinance,2026-09-11T01:53:23.344381
2025-07-21 00:00:00-04:00,23.935482601357823,23.94472431208895,23.83382730866759,23.870792388916016,137600,0.0,0.0,smartcentres,yfinance,2026-09-11T01:53:23.344381
2025-07-22 00:00:00-04:00,23.963205373379434,24.0556207089125,23.916996824274943,24.018653869628906,248100,0.0,0.0,smartcentres,yfinance,2026-09-11T01:53:23.344381
2025-07-23 00:00:00-04:00,24.157279101840345,24.212729367904956,23.944725036621094,23.944725036621094,229600,0.0,0.0,smartcentres,yfinance,2026-09-11T01:53:23.344381
2025-07-24 00:00:00-04:00,23.944725474380533,24.027899112321894,23.722929694095626,23.741413116455078,443000,0.0,0.0,smartcentres,yfinance,2026-09-11T01:53:23.344381
2025-07-25 00:00:00-04:00,23.713689221347302,23.880036505917403,23.58430878342668,23.778379440307617,286800,0.0,0.0,smartcentres,yfinance,2026-09-11T01:53:23.344381
2025-07-28 00:00:00-04:00,23.77837908227106,23.796862505317485,23.454926229663535,23.47340965270996,418000,0.0,0.0,smartcentres,yfinance,2026-09-11T01:53:23.344381
2025-07-29 00:00:00-04:00,23.52885593910633,23.796860259963243,23.464165727223918,23.7598934173584,218100,0.0,0.0,smartcentres,yfinance,2026-09-11T01:53:23.344381
2025-07-30 00:00:00-04:00,23.796861734614417,24.00941580473568,23.722929807499362,23.824586868286133,406600,0.0,0.0,smartcentres,yfinance,2026-09-11T01:53:23.344381
2025-07-31 00:00:00-04:00,23.72603856579948,23.9305727389762,23.60517609321442,23.614473342895508,770900,0.154,0.0,smartcentres,yfinance,2026-09-11T01:53:23.344381
2025-08-01 00:00:00-04:00,23.567988867759137,23.670255067712965,23.484315393898424,23.614473342895508,324400,0.0,0.0,smartcentres,yfinance,2026-09-11T01:53:23.344381
2025-08-05 00:00:00-04:00,23.828307759301918,23.939872996221826,23.633070811278685,23.791120529174805,287400,0.0,0.0,smartcentres,yfinance,2026-09-11T01:53:23.344381
2025-08-06 00:00:00-04:00,23.800416942157007,23.977061155532763,23.772525190591605,23.884090423583984,259700,0.0,0.0,smartcentres,yfinance,2026-09-11T01:53:23.344381
2025-08-07 00:00:00-04:00,23.819008233045732,24.07932411949574,23.781819235970598,23.939868927001953,496100,0.0,0.0,smartcentres,yfinance,2026-09-11T01:53:23.344381
2025-08-08 00:00:00-04:00,24.079326388106814,24.228078843883956,23.958465682763816,24.060731887817383,353000,0.0,0.0,smartcentres,yfinance,2026-09-11T01:53:23.344381
2025-08-11 00:00:00-04:00,23.995652910073527,24.12581263883039,23.893386705019957,24.060731887817383,430400,0.0,0.0,smartcentres,yfinance,2026-09-11T01:53:23.344381
2025-08-12 00:00:00-04:00,24.08862363739308,24.20948611600092,23.82830595315778,24.144405364990234,385700,0.0,0.0,smartcentres,yfinance,2026-09-11T01:53:23.344381
2025-08-13 00:00:00-04:00,24.153701551188092,24.48839544856638,24.079325326578367,24.46980094909668,458900,0.0,0.0,smartcentres,yfinance,2026-09-11T01:53:23.344381
2025-08-14 00:00:00-04:00,24.59066473960112,24.776604424450912,24.339644303121275,24.748714447021484,440200,0.0,0.0,smartcentres,yfinance,2026-09-11T01:53:23.344381
2025-08-15 00:00:00-04:00,24.785901780029505,24.869575259211754,24.618554821665015,24.850980758666992,485800,0.0,0.0,smartcentres,yfinance,2026-09-11T01:53:23.344381
2025-08-18 00:00:00-04:00,24.8881697638086,24.981140493278364,24.637149326220996,24.68363380432129,264400,0.0,0.0,smartcentres,yfinance,2026-09-11T01:53:23.344381
2025-08-19 00:00:00-04:00,24.832383884409808,25.10199879672898,24.64644421654359,25.064809799194336,399500,0.0,0.0,smartcentres,yfinance,2026-09-11T01:53:23.344381
2025-08-20 00:00:00-04:00,25.101995204461538,25.12058970056786,24.916053789935802,24.999727249145508,274700,0.0,0.0,smartcentres,yfinance,2026-09-11T01:53:23.344381
2025-08-21 00:00:00-04:00,24.934652921186867,25.055515395076547,24.934652921186867,24.990434646606445,206200,0.0,0.0,smartcentres,yfinance,2026-09-11T01:53:23.344381
2025-08-22 00:00:00-04:00,25.10200094754432,25.297237881522694,25.055516469912085,25.16707992553711,219700,0.0,0.0,smartcentres,yfinance,2026-09-11T01:53:23.344381
2025-08-25 00:00:00-04:00,25.120593773162096,25.176375497255744,24.878870604397562,24.93465232849121,216400,0.0,0.0,smartcentres,yfinance,2026-09-11T01:53:23.344381
2025-08-26 00:00:00-04:00,24.95325139636794,24.95325139636794,24.665043700301506,24.73941993713379,390000,0.0,0.0,smartcentres,yfinance,2026-09-11T01:53:23.344381
2025-08-27 00:00:00-04:00,24.73011863867066,24.99973178808822,24.73011863867066,24.97184181213379,252100,0.0,0.0,smartcentres,yfinance,2026-09-11T01:53:23.344381
2025-08-28 00:00:00-04:00,24.925354732782118,25.009028204395104,24.860275760031797,24.981138229370117,202100,0.0,0.0,smartcentres,yfinance,2026-09-11T01:53:23.344381
2025-08-29 00:00:00-04:00,25.10643576606073,25.21864229986175,24.947475023600372,25.209291458129883,227300,0.154,0.0,smartcentres,yfinance,2026-09-11T01:53:23.344381
2025-09-02 00:00:00-04:00,25.022278350677784,25.20928982271093,24.769810990767922,24.844615936279297,325200,0.0,0.0,smartcentres,yfinance,2026-09-11T01:53:23.344381
2025-09-03 00:00:00-04:00,24.835268128899923,24.99422888046573,24.788515701053253,24.938125610351562,476300,0.0,0.0,smartcentres,yfinance,2026-09-11T01:53:23.344381
2025-09-04 00:00:00-04:00,24.93812761769095,25.059685009971272,24.90072424561027,25.040985107421875,278500,0.0,0.0,smartcentres,yfinance,2026-09-11T01:53:23.344381
2025-09-05 00:00:00-04:00,25.059683942538218,25.34020387072156,25.040984040785357,25.274749755859375,353600,0.0,0.0,smartcentres,yfinance,2026-09-11T01:53:23.344381
2025-09-08 00:00:00-04:00,25.24669612334226,25.24669612334226,25.0129304184965,25.059682846069336,316200,0.0,0.0,smartcentres,yfinance,2026-09-11T01:53:23.344381
2025-09-09 00:00:00-04:00,25.022283188084902,25.09708814805787,24.947478228111937,24.956829071044922,260600,0.0,0.0,smartcentres,yfinance,2026-09-11T01:53:23.344381
2025-09-10 00:00:00-04:00,25.003578943798,25.143838006459333,24.882021565089044,25.031631469726562,264200,0.0,0.0,smartcentres,yfinance,2026-09-11T01:53:23.344381
2025-09-11 00:00:00-04:00,25.078381216866976,25.19058952510271,25.012927113517197,25.12513542175293,196200,0.0,0.0,smartcentres,yfinance,2026-09-11T01:53:23.344381
2025-09-12 00:00:00-04:00,25.125137449524466,25.35890314234907,25.06903239913326,25.209291458129883,320100,0.0,0.0,smartcentres,yfinance,2026-09-11T01:53:23.344381
2025-09-15 00:00:00-04:00,25.29345007573184,25.321502604061163,25.097087727899268,25.11578941345215,287600,0.0,0.0,smartcentres,yfinance,2026-09-11T01:53:23.344381
2025-09-16 00:00:00-04:00,25.069034812594957,25.19059398332136,25.012931540293238,25.15319061279297,241600,0.0,0.0,smartcentres,yfinance,2026-09-11T01:53:23.344381
2025-09-17 00:00:00-04:00,25.199945244728756,25.30280094840936,24.966179525514168,24.994230270385742,253800,0.0,0.0,smartcentres,yfinance,2026-09-11T01:53:23.344381
2025-09-18 00:00:00-04:00,24.975526306186016,25.14383789402327,24.872670611889376,24.928773880004883,224700,0.0,0.0,smartcentres,yfinance,2026-09-11T01:53:23.344381
2025-09-19 00:00:00-04:00,24.99422925097768,25.078385049141843,24.91007345281351,25.00358009338379,588800,0.0,0.0,smartcentres,yfinance,2026-09-11T01:53:23.344381
2025-09-22 00:00:00-04:00,24.994227859286134,25.087734494649915,24.85396879798583,24.94747543334961,326000,0.0,0.0,smartcentres,yfinance,2026-09-11T01:53:23.344381
2025-09-23 00:00:00-04:00,24.94747556387363,25.05968210010464,24.891372295758124,24.928773880004883,333200,0.0,0.0,smartcentres,yfinance,2026-09-11T01:53:23.344381
2025-09-24 00:00:00-04:00,24.91007284354824,25.012930324008877,24.844618731797205,24.85396957397461,375800,0.0,0.0,smartcentres,yfinance,2026-09-11T01:53:23.344381
2025-09-25 00:00:00-04:00,24.8352656173395,24.87266898262692,24.573449194290035,24.666954040527344,404900,0.0,0.0,smartcentres,yfinance,2026-09-11T01:53:23.344381
2025-09-26 00:00:00-04:00,24.676307653939833,24.947476732264406,24.676307653939833,24.797866821289062,309300,0.0,0.0,smartcentres,yfinance,2026-09-11T01:53:23.344381
2025-09-29 00:00:00-04:00,25.01794688771918,25.046161468786195,24.811030392386407,24.999135971069336,273800,0.154,0.0,smartcentres,yfinance,2026-09-11T01:53:23.344381
2025-09-30 00:00:00-04:00,24.98973431913824,25.215459971595255,24.98973431913824,25.159029006958008,441400,0.0,0.0,smartcentres,yfinance,2026-09-11T01:53:23.344381
2025-10-01 00:00:00-04:00,25.149620351231388,25.300104100412856,25.12140397554444,25.19664764404297,271900,0.0,0.0,smartcentres,yfinance,2026-09-11T01:53:23.344381
2025-10-02 00:00:00-04:00,25.177835969701075,25.26248330030838,25.074377722534873,25.215456008911133,219600,0.0,0.0,smartcentres,yfinance,2026-09-11T01:53:23.344381
2025-10-03 00:00:00-04:00,25.234269305268604,25.384753064116165,25.20605292776922,25.309511184692383,514000,0.0,0.0,smartcentres,yfinance,2026-09-11T01:53:23.344381
2025-10-06 00:00:00-04:00,25.328319978356976,25.328319978356976,24.914488779286494,24.942705154418945,358400,0.0,0.0,smartcentres,yfinance,2026-09-11T01:53:23.344381
2025-10-07 00:00:00-04:00,24.923896284348597,24.952112661798104,24.688765187326442,24.72638702392578,516800,0.0,0.0,smartcentres,yfinance,2026-09-11T01:53:23.344381
2025-10-08 00:00:00-04:00,24.679358790666864,24.716980625837042,24.519469579009293,24.698169708251953,373900,0.0,0.0,smartcentres,yfinance,2026-09-11T01:53:23.344381
2025-10-09 00:00:00-04:00,24.70757740372044,24.77341382732031,24.46304083470091,24.52887725830078,278500,0.0,0.0,smartcentres,yfinance,2026-09-11T01:53:23.344381
2025-10-10 00:00:00-04:00,24.57590146797498,24.58530692712349,24.36898674843147,24.566497802734375,389800,0.0,0.0,smartcentres,yfinance,2026-09-11T01:53:23.344381
2025-10-14 00:00:00-04:00,24.547685354979873,24.923894727940816,24.453632563262687,24.820436477661133,444700,0.0,0.0,smartcentres,yfinance,2026-09-11T01:53:23.344381
2025-10-15 00:00:00-04:00,24.848653176291673,24.970920551377592,24.764005842036877,24.811031341552734,281600,0.0,0.0,smartcentres,yfinance,2026-09-11T01:53:23.344381
2025-10-16 00:00:00-04:00,24.726387847769313,24.89568073638319,24.698171469379684,24.754602432250977,223200,0.0,0.0,smartcentres,yfinance,2026-09-11T01:53:23.344381
2025-10-17 00:00:00-04:00,24.726387204574824,24.94270738487773,24.641739865515788,24.93330192565918,218900,0.0,0.0,smartcentres,yfinance,2026-09-11T01:53:23.344381
2025-10-20 00:00:00-04:00,25.036760363060957,25.140216827392578,24.952113023393675,25.140216827392578,318600,0.0,0.0,smartcentres,yfinance,2026-09-11T01:53:23.344381
2025-10-21 00:00:00-04:00,25.083784256332386,25.290698965628938,25.02735329814384,25.18724250793457,332100,0.0,0.0,smartcentres,yfinance,2026-09-11T01:53:23.344381
2025-10-22 00:00:00-04:00,25.318919811263356,25.412972620786093,25.243677922426794,25.328325271606445,435800,0.0,0.0,smartcentres,yfinance,2026-09-11T01:53:23.344381
2025-10-23 00:00:00-04:00,25.347130189520122,25.45058664097699,25.234266486039882,25.441181182861328,160700,0.0,0.0,smartcentres,yfinance,2026-09-11T01:53:23.344381
2025-10-24 00:00:00-04:00,25.441181182861328,25.554044886341565,25.42237206053771,25.441181182861328,250000,0.0,0.0,smartcentres,yfinance,2026-09-11T01:53:23.344381
2025-10-27 00:00:00-04:00,25.441183884412386,25.56345305899182,25.403563841862645,25.52583122253418,314800,0.0,0.0,smartcentres,yfinance,2026-09-11T01:53:23.344381
2025-10-28 00:00:00-04:00,25.535234414781446,25.572856247899242,25.177835969701075,25.215456008911133,253900,0.0,0.0,smartcentres,yfinance,2026-09-11T01:53:23.344381
2025-10-29 00:00:00-04:00,25.23426802431314,25.25307894169117,24.858058646291582,24.97092056274414,493000,0.0,0.0,smartcentres,yfinance,2026-09-11T01:53:23.344381
2025-10-30 00:00:00-04:00,24.96152007295362,25.017951038357655,24.792225382833454,24.829845428466797,356800,0.0,0.0,smartcentres,yfinance,2026-09-11T01:53:23.344381
2025-10-31 00:00:00-04:00,25.03229428301827,25.24988552151949,24.767403425695516,25.16474151611328,286900,0.154,0.0,smartcentres,yfinance,2026-09-11T01:53:23.344381
2025-11-03 00:00:00-05:00,25.145822465068868,25.145822465068868,24.84308899862708,24.975534439086914,295600,0.0,0.0,smartcentres,yfinance,2026-09-11T01:53:23.344381
2025-11-04 00:00:00-05:00,24.994456571077972,25.00391721777616,24.691723094471406,24.767406463623047,352900,0.0,0.0,smartcentres,yfinance,2026-09-11T01:53:23.344381
2025-11-05 00:00:00-05:00,24.75794482053401,25.117440358427835,24.691722100745707,25.070138931274414,241200,0.0,0.0,smartcentres,yfinance,2026-09-11T01:53:23.344381
2025-11-06 00:00:00-05:00,25.070137878970993,25.212043958908616,24.880928569431692,25.20258331298828,212400,0.0,0.0,smartcentres,yfinance,2026-09-11T01:53:23.344381
2025-11-07 00:00:00-05:00,25.16474019623306,25.202580971965734,24.994452194352174,25.1363582611084,241000,0.0,0.0,smartcentres,yfinance,2026-09-11T01:53:23.344381
2025-11-10 00:00:00-05:00,25.11743828842448,25.26880500816138,25.11743828842448,25.16474151611328,386100,0.0,0.0,smartcentres,yfinance,2026-09-11T01:53:23.344381
2025-11-11 00:00:00-05:00,25.230966204774543,25.34449215567747,25.212044912218428,25.335031509399414,184700,0.0,0.0,smartcentres,yfinance,2026-09-11T01:53:23.344381
2025-11-12 00:00:00-05:00,25.353947964270926,25.43909196615337,25.212041895944704,25.29718589782715,308800,0.0,0.0,smartcentres,yfinance,2026-09-11T01:53:23.344381
2025-11-13 00:00:00-05:00,25.249884488022058,25.249884488022058,24.63495698870617,24.69171905517578,652400,0.0,0.0,smartcentres,yfinance,2026-09-11T01:53:23.344381
2025-11-14 00:00:00-05:00,24.84309025501328,24.880931038015323,24.5971188499814,24.833629608154297,478000,0.0,0.0,smartcentres,yfinance,2026-09-11T01:53:23.344381
2025-11-17 00:00:00-05:00,24.729559635187442,24.96607034877396,24.6160355031487,24.70117950439453,342200,0.0,0.0,smartcentres,yfinance,2026-09-11T01:53:23.344381
2025-11-18 00:00:00-05:00,24.616039725319766,24.81470789268013,24.59711843192339,24.767406463623047,226600,0.0,0.0,smartcentres,yfinance,2026-09-11T01:53:23.344381
2025-11-19 00:00:00-05:00,24.786327120519978,25.02283786859962,24.74848453469901,24.966073989868164,265900,0.0,0.0,smartcentres,yfinance,2026-09-11T01:53:23.344381
2025-11-20 00:00:00-05:00,24.937692107984663,25.013375469890978,24.578194785604417,24.616037368774414,491700,0.0,0.0,smartcentres,yfinance,2026-09-11T01:53:23.344381
2025-11-21 00:00:00-05:00,24.606576988259704,24.814705784637432,24.606576988259704,24.776865005493164,242000,0.0,0.0,smartcentres,yfinance,2026-09-11T01:53:23.344381
2025-11-24 00:00:00-05:00,24.72010148981393,24.833627437765987,24.64441812599047,24.672800064086914,284000,0.0,0.0,smartcentres,yfinance,2026-09-11T01:53:23.344381
2025-11-25 00:00:00-05:00,24.739022225614796,25.013375541077018,24.739022225614796,24.786325454711914,370100,0.0,0.0,smartcentres,yfinance,2026-09-11T01:53:23.344381
2025-11-26 00:00:00-05:00,24.77686480889249,24.880928304038775,24.77686480889249,24.786325454711914,287800,0.0,0.0,smartcentres,yfinance,2026-09-11T01:53:23.344381
2025-11-27 00:00:00-05:00,24.852546731852676,24.975531511516003,24.786324019385223,24.93769073486328,232900,0.0,0.0,smartcentres,yfinance,2026-09-11T01:53:23.344381
2025-11-28 00:00:00-05:00,24.76069559620807,25.027143114252258,24.751179354129693,24.96053123474121,262400,0.154,0.0,smartcentres,yfinance,2026-09-11T01:53:23.344381
2025-12-01 00:00:00-05:00,24.931983120732976,24.931983120732976,24.789241311481305,24.798757553100586,309400,0.0,0.0,smartcentres,yfinance,2026-09-11T01:53:23.344381
2025-12-02 00:00:00-05:00,24.903433390377025,24.903433390377025,24.40859973637892,24.52279281616211,449600,0.0,0.0,smartcentres,yfinance,2026-09-11T01:53:23.344381
2025-12-03 00:00:00-05:00,24.408601027824226,24.608438474258737,24.15166794599594,24.27537727355957,355900,0.0,0.0,smartcentres,yfinance,2026-09-11T01:53:23.344381
2025-12-04 00:00:00-05:00,24.265863660853846,24.408603672321913,24.094574921077076,24.11360740661621,248400,0.0,0.0,smartcentres,yfinance,2026-09-11T01:53:23.344381
2025-12-05 00:00:00-05:00,24.075540177050694,24.075540177050694,23.894737026502927,24.008928298950195,341600,0.0,0.0,smartcentres,yfinance,2026-09-11T01:53:23.344381
2025-12-08 00:00:00-05:00,23.980381491551604,24.02796088610312,23.799576525188233,23.97086524963379,204500,0.0,0.0,smartcentres,yfinance,2026-09-11T01:53:23.344381
2025-12-09 00:00:00-05:00,23.96134662989615,24.085054132476433,23.894734758119274,23.94231414794922,256000,0.0,0.0,smartcentres,yfinance,2026-09-11T01:53:23.344381
2025-12-10 00:00:00-05:00,23.942316420849696,24.16118453890492,23.932800178972833,24.008928298950195,216700,0.0,0.0,smartcentres,yfinance,2026-09-11T01:53:23.344381
2025-12-11 00:00:00-05:00,24.046993484990736,24.151668516512398,23.837639791872274,23.894737243652344,303000,0.0,0.0,smartcentres,yfinance,2026-09-11T01:53:23.344381
2025-12-12 00:00:00-05:00,23.95183444615955,24.265863191328172,23.847157592757448,24.085058212280273,387500,0.0,0.0,smartcentres,yfinance,2026-09-11T01:53:23.344381
2025-12-15 00:00:00-05:00,24.11360479407926,24.3800541176461,24.09457231060216,24.27537727355957,247000,0.0,0.0,smartcentres,yfinance,2026-09-11T01:53:23.344381
2025-12-16 00:00:00-05:00,24.180218453048546,24.484730950971546,24.180218453048546,24.35150718688965,204100,0.0,0.0,smartcentres,yfinance,2026-09-11T01:53:23.344381
2025-12-17 00:00:00-05:00,24.361021531367943,24.399084683123995,24.256344687723136,24.313440322875977,262000,0.0,0.0,smartcentres,yfinance,2026-09-11T01:53:23.344381
2025-12-18 00:00:00-05:00,24.29440943095655,24.560856935909598,24.2753769477349,24.465696334838867,255500,0.0,0.0,smartcentres,yfinance,2026-09-11T01:53:23.344381
2025-12-19 00:00:00-05:00,24.418118106834527,24.56085810773214,24.361022469483,24.37053871154785,426300,0.0,0.0,smartcentres,yfinance,2026-09-11T01:53:23.344381
2025-12-22 00:00:00-05:00,24.361020453721252,24.494244201530364,24.265859855984413,24.446664810180664,177000,0.0,0.0,smartcentres,yfinance,2026-09-11T01:53:23.344381
2025-12-23 00:00:00-05:00,24.456182593860184,24.484729504455427,24.35150574824416,24.380054473876953,197400,0.0,0.0,smartcentres,yfinance,2026-09-11T01:53:23.344381
2025-12-24 00:00:00-05:00,24.38956891158355,24.418117637229063,24.303926364722116,24.341989517211914,129900,0.0,0.0,smartcentres,yfinance,2026-09-11T01:53:23.344381
2025-12-29 00:00:00-05:00,24.380052827711193,24.570372207299936,24.380052827711193,24.52279281616211,231400,0.0,0.0,smartcentres,yfinance,2026-09-11T01:53:23.344381
2025-12-30 00:00:00-05:00,24.551342944272367,24.646503554063962,24.48473106192955,24.608440399169922,216400,0.0,0.0,smartcentres,yfinance,2026-09-11T01:53:23.344381
2025-12-31 00:00:00-05:00,24.59312269134202,24.679280135827053,24.4878187423245,24.65056037902832,216800,0.154,0.0,smartcentres,yfinance,2026-09-11T01:53:23.344381
2026-01-02 00:00:00-05:00,24.679279327392578,24.784581447049483,24.55482887791927,24.679279327392578,226800,0.0,0.0,smartcentres,yfinance,2026-09-11T01:53:23.344381
2026-01-05 00:00:00-05:00,24.679279651802467,25.043054101229355,24.61226688725305,24.995189666748047,511200,0.0,0.0,smartcentres,yfinance,2026-09-11T01:53:23.344381
2026-01-06 00:00:00-05:00,25.052627683486254,25.12921187521236,24.784582099489306,24.91860580444336,347100,0.0,0.0,smartcentres,yfinance,2026-09-11T01:53:23.344381
2026-01-07 00:00:00-05:00,24.985616893029015,25.205796217316262,24.861166439537147,25.043054580688477,248800,0.0,0.0,smartcentres,yfinance,2026-09-11T01:53:23.344381
2026-01-08 00:00:00-05:00,25.023906242951337,25.3685359954834,24.937748804818323,25.3685359954834,305800,0.0,0.0,smartcentres,yfinance,2026-09-11T01:53:23.344381
2026-01-09 00:00:00-05:00,25.368540166260072,25.646159029422623,25.33982040685698,25.61743927001953,299700,0.0,0.0,smartcentres,yfinance,2026-09-11T01:53:23.344381
2026-01-12 00:00:00-05:00,25.531279467803184,25.84718948851526,25.40683084033347,25.82804298400879,612600,0.0,0.0,smartcentres,yfinance,2026-09-11T01:53:23.344381
2026-01-13 00:00:00-05:00,25.87590897541045,26.03865061019584,25.674874332011484,25.837615966796875,485600,0.0,0.0,smartcentres,yfinance,2026-09-11T01:53:23.344381
2026-01-14 00:00:00-05:00,25.847188183772275,26.201391195617436,25.81846842846232,26.13437843322754,518200,0.0,0.0,smartcentres,yfinance,2026-09-11T01:53:23.344381
2026-01-15 00:00:00-05:00,26.13437711646394,26.277974059867606,26.038648255409473,26.048219680786133,309800,0.0,0.0,smartcentres,yfinance,2026-09-11T01:53:23.344381
2026-01-16 00:00:00-05:00,26.067367941021363,26.316267013549805,25.96206582157898,26.316267013549805,389200,0.0,0.0,smartcentres,yfinance,2026-09-11T01:53:23.344381
2026-01-19 00:00:00-05:00,26.182244692077465,26.287546809725153,26.000356560269893,26.13437843322754,229600,0.0,0.0,smartcentres,yfinance,2026-09-11T01:53:23.344381
2026-01-20 00:00:00-05:00,26.038647876661692,26.11523205993789,25.818466752070528,25.8663330078125,350000,0.0,0.0,smartcentres,yfinance,2026-09-11T01:53:23.344381
2026-01-21 00:00:00-05:00,25.86633736245373,26.057796939921296,25.74188690248411,25.847190856933594,306500,0.0,0.0,smartcentres,yfinance,2026-09-11T01:53:23.344381
2026-01-22 00:00:00-05:00,25.837614004890522,26.096086315672334,25.837614004890522,25.904624938964844,320900,0.0,0.0,smartcentres,yfinance,2026-09-11T01:53:23.344381
2026-01-23 00:00:00-05:00,25.85676143554226,26.17267144030748,25.799323750833423,26.13437843322754,449200,0.0,0.0,smartcentres,yfinance,2026-09-11T01:53:23.344381
2026-01-26 00:00:00-05:00,26.105660792021563,26.19181823299149,25.79932403564453,25.79932403564453,307300,0.0,0.0,smartcentres,yfinance,2026-09-11T01:53:23.344381
2026-01-27 00:00:00-05:00,25.971639329293584,25.971639329293584,25.64615786703403,25.655729293823242,314900,0.0,0.0,smartcentres,yfinance,2026-09-11T01:53:23.344381
2026-01-28 00:00:00-05:00,25.655728316966066,25.713167830981813,25.473842000316417,25.49298667907715,332900,0.0,0.0,smartcentres,yfinance,2026-09-11T01:53:23.344381
2026-01-29 00:00:00-05:00,25.550424407086346,25.780176969355797,25.435547212996095,25.75145721435547,369400,0.0,0.0,smartcentres,yfinance,2026-09-11T01:53:23.344381
2026-01-30 00:00:00-05:00,25.707168656353748,25.85159058076428,25.43757971740952,25.697540283203125,450700,0.154,0.0,smartcentres,yfinance,2026-09-11T01:53:23.344381
2026-02-02 00:00:00-05:00,25.78419646972485,25.909361660768962,25.533864251212037,25.822708129882812,706000,0.0,0.0,smartcentres,yfinance,2026-09-11T01:53:23.344381
2026-02-03 00:00:00-05:00,25.81307908243264,26.044154546626842,25.649400399075347,25.68791389465332,494700,0.0,0.0,smartcentres,yfinance,2026-09-11T01:53:23.344381
2026-02-04 00:00:00-05:00,25.803448851612252,26.35225510555666,25.736052075625505,26.11155128479004,716200,0.0,0.0,smartcentres,yfinance,2026-09-11T01:53:23.344381
2026-02-05 00:00:00-05:00,26.092293245103907,26.284855190318087,26.00563972700901,26.255971908569336,457200,0.0,0.0,smartcentres,yfinance,2026-09-11T01:53:23.344381
2026-02-06 00:00:00-05:00,26.236719673280096,26.361884867364314,26.121181017150736,26.178951263427734,373200,0.0,0.0,smartcentres,yfinance,2026-09-11T01:53:23.344381
2026-02-09 00:00:00-05:00,26.16932137187208,26.27523164748175,25.928617535613395,26.130807876586914,292800,0.0,0.0,smartcentres,yfinance,2026-09-11T01:53:23.344381
2026-02-10 00:00:00-05:00,26.13080489957701,26.41965057203477,26.13080489957701,26.255971908569336,267500,0.0,0.0,smartcentres,yfinance,2026-09-11T01:53:23.344381
2026-02-11 00:00:00-05:00,26.284857949991444,26.342628192402945,26.063410863354243,26.159692764282227,199700,0.0,0.0,smartcentres,yfinance,2026-09-11T01:53:23.344381
2026-02-12 00:00:00-05:00,26.159691711662,26.236716862020128,25.784194333219183,25.851591110229492,560900,0.0,0.0,smartcentres,yfinance,2026-09-11T01:53:23.344381
2026-02-13 00:00:00-05:00,25.99601316601896,26.44853569705538,25.803449370960152,26.265602111816406,597100,0.0,0.0,smartcentres,yfinance,2026-09-11T01:53:23.344381
2026-02-17 00:00:00-05:00,26.284857984852515,26.66035721532722,26.275231447529013,26.583332061767578,509600,0.0,0.0,smartcentres,yfinance,2026-09-11T01:53:23.344381
2026-02-18 00:00:00-05:00,26.66035721532722,26.804779148698483,26.46779341321586,26.583332061767578,457800,0.0,0.0,smartcentres,yfinance,2026-09-11T01:53:23.344381
2026-02-19 00:00:00-05:00,26.544821752889405,26.67961532869161,26.352259764089787,26.650732040405273,394800,0.0,0.0,smartcentres,yfinance,2026-09-11T01:53:23.344381
2026-02-20 00:00:00-05:00,26.62184583166416,26.881806434204137,26.554449046507425,26.766267776489258,390200,0.0,0.0,smartcentres,yfinance,2026-09-11T01:53:23.344381
2026-02-23 00:00:00-05:00,26.81440528673691,27.06473747403988,26.766263422010745,27.045480728149414,276200,0.0,0.0,smartcentres,yfinance,2026-09-11T01:53:23.344381
2026-02-24 00:00:00-05:00,27.07436669944126,27.093621609513615,26.737380981445312,26.737380981445312,397100,0.0,0.0,smartcentres,yfinance,2026-09-11T01:53:23.344381
2026-02-25 00:00:00-05:00,26.824037324231526,26.910690856152378,26.64110188612921,26.843292236328125,199300,0.0,0.0,smartcentres,yfinance,2026-09-11T01:53:23.344381
2026-02-26 00:00:00-05:00,26.881804569544602,27.026226504351854,26.766265919844077,26.978086471557617,568100,0.0,0.0,smartcentres,yfinance,2026-09-11T01:53:23.344381
2026-02-27 00:00:00-05:00,26.923869678717832,27.20463008886919,26.798012773646366,26.88514518737793,509700,0.154,0.0,smartcentres,yfinance,2026-09-11T01:53:23.344381
2026-03-02 00:00:00-05:00,26.836736151935597,26.836736151935597,26.35266802753621,26.788330078125,406800,0.0,0.0,smartcentres,yfinance,2026-09-11T01:53:23.344381
2026-03-03 00:00:00-05:00,26.555977864283665,26.77864876054577,26.24617455703667,26.643110275268555,253400,0.0,0.0,smartcentres,yfinance,2026-09-11T01:53:23.344381
2026-03-04 00:00:00-05:00,26.633431352338924,26.73024535717072,26.517254177226057,26.71088218688965,225100,0.0,0.0,smartcentres,yfinance,2026-09-11T01:53:23.344381
2026-03-05 00:00:00-05:00,26.672154739495873,26.768968740310115,26.61406707763672,26.61406707763672,303500,0.0,0.0,smartcentres,yfinance,2026-09-11T01:53:23.344381
2026-03-06 00:00:00-05:00,26.546298385848914,26.56566155573114,26.139681051189687,26.323627471923828,217800,0.0,0.0,smartcentres,yfinance,2026-09-11T01:53:23.344381
2026-03-09 00:00:00-04:00,26.129998794111057,26.129998794111057,25.52975531579005,25.92669105529785,498800,0.0,0.0,smartcentres,yfinance,2026-09-11T01:53:23.344381
2026-03-10 00:00:00-04:00,25.926689791813317,26.30426234353673,25.781467875082733,25.984777450561523,258900,0.0,0.0,smartcentres,yfinance,2026-09-11T01:53:23.344381
2026-03-11 00:00:00-04:00,26.013821202569652,26.042864107539895,25.762105562245456,25.89764404296875,164600,0.0,0.0,smartcentres,yfinance,2026-09-11T01:53:23.344381
2026-03-12 00:00:00-04:00,25.69433646551561,25.955731844575553,25.6652917138097,25.74274253845215,314000,0.0,0.0,smartcentres,yfinance,2026-09-11T01:53:23.344381
2026-03-13 00:00:00-04:00,25.897644687621323,26.100952413767065,25.684655377386733,25.955732345581055,253200,0.0,0.0,smartcentres,yfinance,2026-09-11T01:53:23.344381
2026-03-16 00:00:00-04:00,25.936372328771803,26.38171413982273,25.800831991282585,26.236494064331055,282400,0.0,0.0,smartcentres,yfinance,2026-09-11T01:53:23.344381
2026-03-17 00:00:00-04:00,26.304262013338498,26.691516144420966,26.29458042923977,26.459163665771484,243100,0.0,0.0,smartcentres,yfinance,2026-09-11T01:53:23.344381
2026-03-18 00:00:00-04:00,26.323628275813732,26.536617611302123,26.178408190409215,26.22681427001953,217700,0.0,0.0,smartcentres,yfinance,2026-09-11T01:53:23.344381
2026-03-19 00:00:00-04:00,26.217128387849726,26.41075636770291,25.723378701140053,25.8492374420166,384700,0.0,0.0,smartcentres,yfinance,2026-09-11T01:53:23.344381
2026-03-20 00:00:00-04:00,25.78147032531364,26.139681589213748,25.636250241354944,25.694339752197266,1135100,0.0,0.0,smartcentres,yfinance,2026-09-11T01:53:23.344381
2026-03-23 00:00:00-04:00,25.65560946216342,26.12999598157312,25.616883127563476,25.8492374420166,368000,0.0,0.0,smartcentres,yfinance,2026-09-11T01:53:23.344381
2026-03-24 00:00:00-04:00,25.858918969772514,26.129997791023992,25.704017313792644,25.839557647705078,282600,0.0,0.0,smartcentres,yfinance,2026-09-11T01:53:23.344381
2026-03-25 00:00:00-04:00,26.04286510930973,26.110634352278204,25.839557380404315,25.984777450561523,272700,0.0,0.0,smartcentres,yfinance,2026-09-11T01:53:23.344381
2026-03-26 00:00:00-04:00,25.955732494226414,26.062228073240274,25.800830841064453,25.800830841064453,288500,0.0,0.0,smartcentres,yfinance,2026-09-11T01:53:23.344381
2026-03-27 00:00:00-04:00,25.887965915284347,25.897647500424732,25.568480991945787,25.694339752197266,390800,0.0,0.0,smartcentres,yfinance,2026-09-11T01:53:23.344381
2026-03-30 00:00:00-04:00,25.77178955078125,26.004142045089853,25.674975549842628,25.77178955078125,316800,0.0,0.0,smartcentres,yfinance,2026-09-11T01:53:23.344381
2026-03-31 00:00:00-04:00,25.970434993465243,26.087288161277655,25.83410784544917,25.941221237182617,498700,0.154,0.0,smartcentres,yfinance,2026-09-11T01:53:23.344381
2026-04-01 00:00:00-04:00,26.019124399079143,26.33073224746253,26.019124399079143,26.311256408691406,346500,0.0,0.0,smartcentres,yfinance,2026-09-11T01:53:23.344381
2026-04-02 00:00:00-04:00,26.204141849311096,26.798141946392327,26.204141849311096,26.69102668762207,289300,0.0,0.0,smartcentres,yfinance,2026-09-11T01:53:23.344381
2026-04-06 00:00:00-04:00,26.57417602741661,26.81761845262643,26.56443810753002,26.62286376953125,311000,0.0,0.0,smartcentres,yfinance,2026-09-11T01:53:23.344381
2026-04-07 00:00:00-04:00,26.54496095079129,26.80787920273022,26.49627135377396,26.75918960571289,256000,0.0,0.0,smartcentres,yfinance,2026-09-11T01:53:23.344381
2026-04-08 00:00:00-04:00,26.866304181741437,27.119484507867917,26.866304181741437,27.031845092773438,228900,0.0,0.0,smartcentres,yfinance,2026-09-11T01:53:23.344381
2026-04-09 00:00:00-04:00,26.973421128328305,27.119486210215197,26.58391176687222,26.76892852783203,442600,0.0,0.0,smartcentres,yfinance,2026-09-11T01:53:23.344381
2026-04-10 00:00:00-04:00,26.82735196545266,27.022106630037843,26.82735196545266,26.91499137878418,357800,0.0,0.0,smartcentres,yfinance,2026-09-11T01:53:23.344381
2026-04-13 00:00:00-04:00,26.88578045892966,27.129222869873047,26.720239545195426,27.129222869873047,304100,0.0,0.0,smartcentres,yfinance,2026-09-11T01:53:23.344381
2026-04-14 00:00:00-04:00,27.187647557411026,27.450565797595814,27.09027022504798,27.34345054626465,290500,0.0,0.0,smartcentres,yfinance,2026-09-11T01:53:23.344381
2026-04-15 00:00:00-04:00,27.362929198752056,27.372667118721814,27.187650353933012,27.333715438842773,202900,0.0,0.0,smartcentres,yfinance,2026-09-11T01:53:23.344381
2026-04-16 00:00:00-04:00,27.323975181363103,28.06404031988894,27.246073685587653,27.664794921875,547800,0.0,0.0,smartcentres,yfinance,2026-09-11T01:53:23.344381
2026-04-17 00:00:00-04:00,27.77190955099124,27.986138195230197,27.752433713155483,27.956924438476562,309600,0.0,0.0,smartcentres,yfinance,2026-09-11T01:53:23.344381
2026-04-20 00:00:00-04:00,27.840072742006747,27.927712153740426,27.55767866923865,27.65505599975586,370400,0.0,0.0,smartcentres,yfinance,2026-09-11T01:53:23.344381
2026-04-21 00:00:00-04:00,27.55767866923865,27.75243333027307,27.538204688989687,27.65505599975586,299900,0.0,0.0,smartcentres,yfinance,2026-09-11T01:53:23.344381
2026-04-22 00:00:00-04:00,27.664796617787506,27.79138771700677,27.294764954499918,27.401878356933594,342100,0.0,0.0,smartcentres,yfinance,2026-09-11T01:53:23.344381
2026-04-23 00:00:00-04:00,27.411615686641003,27.791387118806067,27.411615686641003,27.69400978088379,261700,0.0,0.0,smartcentres,yfinance,2026-09-11T01:53:23.344381
2026-04-24 00:00:00-04:00,27.75243333027307,27.78164708662366,27.616106181939834,27.65505599975586,173300,0.0,0.0,smartcentres,yfinance,2026-09-11T01:53:23.344381
2026-04-27 00:00:00-04:00,27.547945927769614,27.74269875495697,27.48951840802692,27.5382080078125,255500,0.0,0.0,smartcentres,yfinance,2026-09-11T01:53:23.344381
2026-04-28 00:00:00-04:00,27.538204441577374,27.71348140615189,27.50899068548925,27.596630096435547,214400,0.0,0.0,smartcentres,yfinance,2026-09-11T01:53:23.344381
2026-04-29 00:00:00-04:00,27.547943016200538,27.664794328699156,27.450565684239606,27.528467178344727,260600,0.0,0.0,smartcentres,yfinance,2026-09-11T01:53:23.344381
2026-04-30 00:00:00-04:00,27.679250012976233,27.806532616940522,27.561756798362715,27.620502471923828,366100,0.154,0.0,smartcentres,yfinance,2026-09-11T01:53:23.344381
2026-05-01 00:00:00-04:00,27.620499636122855,27.826112273713402,27.620499636122855,27.78694725036621,151200,0.0,0.0,smartcentres,yfinance,2026-09-11T01:53:23.344381
2026-05-04 00:00:00-04:00,27.757576824594132,27.953396349257055,27.56175543244001,27.747785568237305,308800,0.0,0.0,smartcentres,yfinance,2026-09-11T01:53:23.344381
2026-05-05 00:00:00-04:00,27.747787130699923,27.972980437113833,27.708622103067256,27.88486099243164,188300,0.0,0.0,smartcentres,yfinance,2026-09-11T01:53:23.344381
2026-05-06 00:00:00-04:00,28.01214582277476,28.188384714391685,27.99256330870814,28.0806827545166,253100,0.0,0.0,smartcentres,yfinance,2026-09-11T01:53:23.344381
2026-05-07 00:00:00-04:00,28.0219358161645,28.119844647099768,27.640084279050235,27.80653190612793,419600,0.0,0.0,smartcentres,yfinance,2026-09-11T01:53:23.344381
2026-05-08 00:00:00-04:00,27.953399601339186,28.090475338790863,27.75758005389473,27.865280151367188,302600,0.0,0.0,smartcentres,yfinance,2026-09-11T01:53:23.344381
2026-05-11 00:00:00-04:00,27.816322326660156,27.97297869243754,27.737994143771463,27.816322326660156,246500,0.0,0.0,smartcentres,yfinance,2026-09-11T01:53:23.344381
2026-05-12 00:00:00-04:00,27.826114525209324,27.904442710750374,27.62050187098203,27.64987564086914,233400,0.0,0.0,smartcentres,yfinance,2026-09-11T01:53:23.344381
2026-05-13 00:00:00-04:00,27.65966650402454,27.73799468845133,27.26802558189058,27.365936279296875,258600,0.0,0.0,smartcentres,yfinance,2026-09-11T01:53:23.344381
2026-05-14 00:00:00-04:00,27.532383996588898,27.74778603760914,27.473636457454187,27.542173385620117,294200,0.0,0.0,smartcentres,yfinance,2026-09-11T01:53:23.344381
2026-05-15 00:00:00-04:00,27.581337979603823,27.600920492341935,27.316979660112924,27.503009796142578,185900,0.0,0.0,smartcentres,yfinance,2026-09-11T01:53:23.344381
2026-05-19 00:00:00-04:00,27.826114459923232,27.85548822974143,27.463845435463792,27.561756134033203,318100,0.0,0.0,smartcentres,yfinance,2026-09-11T01:53:23.344381
2026-05-20 00:00:00-04:00,27.561756221853734,28.10026413195572,27.561756221853734,27.982770919799805,312100,0.0,0.0,smartcentres,yfinance,2026-09-11T01:53:23.344381
2026-05-21 00:00:00-04:00,27.924027555406848,28.354831678105178,27.904445040513814,28.266714096069336,269400,0.0,0.0,smartcentres,yfinance,2026-09-11T01:53:23.344381
2026-05-22 00:00:00-04:00,28.345041528880852,28.550652327275873,28.227548310161303,28.452741622924805,219800,0.0,0.0,smartcentres,yfinance,2026-09-11T01:53:23.344381
2026-05-25 00:00:00-04:00,28.560443644170167,28.599606805497658,28.403787263877486,28.540861129760742,168000,0.0,0.0,smartcentres,yfinance,2026-09-11T01:53:23.344381
2026-05-26 00:00:00-04:00,28.589816147486985,28.63877056384748,28.325457817161258,28.51148796081543,252600,0.0,0.0,smartcentres,yfinance,2026-09-11T01:53:23.344381
2026-05-27 00:00:00-04:00,28.540857983692742,28.68772309059172,28.42336664517002,28.5996036529541,470900,0.0,0.0,smartcentres,yfinance,2026-09-11T01:53:23.344381
2026-05-28 00:00:00-04:00,28.540860895596413,28.70730853172818,28.433160802210928,28.521278381347656,306000,0.0,0.0,smartcentres,yfinance,2026-09-11T01:53:23.344381
2026-05-29 00:00:00-04:00,28.584273006758277,28.761446670052457,28.338196284086116,28.52521324157715,322700,0.154,0.0,smartcentres,yfinance,2026-09-11T01:53:23.344381
2026-06-01 00:00:00-04:00,28.397255158603596,28.397255158603596,28.131491838302935,28.259450912475586,357800,0.0,0.0,smartcentres,yfinance,2026-09-11T01:53:23.344381
2026-06-02 00:00:00-04:00,28.259451633112537,28.653175915042578,28.259451633112537,28.485843658447266,305200,0.0,0.0,smartcentres,yfinance,2026-09-11T01:53:23.344381
2026-06-03 00:00:00-04:00,28.49568494298939,28.68270189855475,28.367723997164262,28.377567291259766,214500,0.0,0.0,smartcentres,yfinance,2026-09-11T01:53:23.344381
2026-06-04 00:00:00-04:00,28.564588139349972,28.594116146303165,28.298824812272148,28.485843658447266,230800,0.0,0.0,smartcentres,yfinance,2026-09-11T01:53:23.344381
2026-06-05 00:00:00-04:00,28.485843722836865,28.840192948991753,28.39725594694401,28.5941162109375,515900,0.0,0.0,smartcentres,yfinance,2026-09-11T01:53:23.344381
2026-06-08 00:00:00-04:00,28.485845524653882,28.70239239196893,28.4464723429148,28.663021087646484,412000,0.0,0.0,smartcentres,yfinance,2026-09-11T01:53:23.344381
2026-06-09 00:00:00-04:00,28.692548674755955,29.22407535592036,28.692548674755955,29.046899795532227,298200,0.0,0.0,smartcentres,yfinance,2026-09-11T01:53:23.344381
2026-06-10 00:00:00-04:00,29.155172910355518,29.263445399048948,28.899252876087953,28.98784065246582,227100,0.0,0.0,smartcentres,yfinance,2026-09-11T01:53:23.344381
2026-06-11 00:00:00-04:00,29.086271060920087,29.33234781059764,29.01736987139703,29.224075317382812,216800,0.0,0.0,smartcentres,yfinance,2026-09-11T01:53:23.344381
2026-06-12 00:00:00-04:00,29.273288728250513,29.785128797385998,29.273288728250513,29.735912322998047,436900,0.0,0.0,smartcentres,yfinance,2026-09-11T01:53:23.344381
2026-06-15 00:00:00-04:00,29.70638371891572,29.854029384279983,29.40124909350738,29.617795944213867,338100,0.0,0.0,smartcentres,yfinance,2026-09-11T01:53:23.344381
2026-06-16 00:00:00-04:00,29.69654095708634,29.962304285960546,29.558738583929284,29.627639770507812,326600,0.0,0.0,smartcentres,yfinance,2026-09-11T01:53:23.344381
2026-06-17 00:00:00-04:00,29.67685398732739,29.67685398732739,29.283131585194628,29.371719360351562,308100,0.0,0.0,smartcentres,yfinance,2026-09-11T01:53:23.344381
2026-06-18 00:00:00-04:00,29.40124993201342,29.696541271163476,29.40124993201342,29.59811019897461,295200,0.0,0.0,smartcentres,yfinance,2026-09-11T01:53:23.344381
2026-06-19 00:00:00-04:00,29.548895258604514,29.824500004634448,29.548895258604514,29.8048152923584,715500,0.0,0.0,smartcentres,yfinance,2026-09-11T01:53:23.344381
2026-06-22 00:00:00-04:00,29.726071501154,29.794972689261158,29.470151461458425,29.56858253479004,314600,0.0,0.0,smartcentres,yfinance,2026-09-11T01:53:23.344381
2026-06-23 00:00:00-04:00,29.558737957614344,29.873715876680194,29.44062029925641,29.509521484375,520400,0.0,0.0,smartcentres,yfinance,2026-09-11T01:53:23.344381
2026-06-24 00:00:00-04:00,29.63748238383368,29.88355911733634,29.47015012995521,29.863872528076172,282100,0.0,0.0,smartcentres,yfinance,2026-09-11T01:53:23.344381
2026-06-25 00:00:00-04:00,29.883559401817298,30.060734952012503,29.67685396745073,30.011518478393555,216800,0.0,0.0,smartcentres,yfinance,2026-09-11T01:53:23.344381
2026-06-26 00:00:00-04:00,30.17885176764911,30.415085216862778,30.021362801506662,30.20838165283203,322200,0.0,0.0,smartcentres,yfinance,2026-09-11T01:53:23.344381
2026-06-29 00:00:00-04:00,30.198538265886842,30.208381560917868,29.962304817391953,30.100107192993164,290800,0.0,0.0,smartcentres,yfinance,2026-09-11T01:53:23.344381
2026-06-30 00:00:00-04:00,30.222778793420428,30.321708072762302,29.985349655151367,29.985349655151367,393900,0.154,0.0,smartcentres,yfinance,2026-09-11T01:53:23.344381
2026-07-02 00:00:00-04:00,29.98534890741476,30.292029854418853,29.79738535696336,30.212886810302734,352200,0.0,0.0,smartcentres,yfinance,2026-09-11T01:53:23.344381
2026-07-03 00:00:00-04:00,30.19310140504985,30.292030684636117,30.024922195828914,30.11395835876465,141000,0.0,0.0,smartcentres,yfinance,2026-09-11T01:53:23.344381
2026-07-06 00:00:00-04:00,30.02492259910673,30.193101810586555,29.975457015189672,30.06449317932129,275800,0.0,0.0,smartcentres,yfinance,2026-09-11T01:53:23.344381
